Id,Date,Region,Source,Ship Type,Area,Location,Pollutant,Estimated Litres
1,2-07-2002,Cairns,Ship,Commercial,Port,"Trinity Inlet, Cairns Harbour",Diesel,Unknown
2,3-07-2002,Cairns,Unknown,Recreational,Coastal Waters,"Marina Mirage, Port Douglas",Bilge,Unknown
3,12-07-2002,Gladstone,Ship,Unknown,Coastal Waters,SE of Double Island Point,Bilge,Unknown
4,22-07-2002,Brisbane,Unknown,Unknown,Coastal Waters,"Town Reach, Brisbane River",Diesel,Unknown
5,1-08-2002,Gold Coast,Ship,Recreational,Coastal Waters,Canal area - Benowa,Diesel,Unknown
6,5-08-2002,Mackay,Ship,Fishing,Port,Mackay Harbour,Diesel,Unknown
7,7-08-2002,Townsville,Ship,Commercial,Port,"Ross Creek, Townsville",Diesel,Unknown
8,12-08-2002,Brisbane,Land,N-A,Coastal Waters,Breakfast Creek,Diesel,Unknown
9,13-08-2002,Cairns,Ship,Recreational,Offshore," 11""44.31'S 143""05.059'E",Diesel,Unknown
10,15-08-2002,Townsville,Ship,Fishing,Port,"Fisherman's Wharf, Ross River",Diesel,Unknown
11,16-08-2002,Cairns,Ship,Commercial,Coastal Waters,"Marina Mirage, Port Douglas",Diesel,Unknown
12,20-08-2002,Cairns,Ship,Fishing,Port,"Evans Landing, Weipa",Diesel,Unknown
13,23-08-2002,Cairns,Ship,Recreational,Coastal Waters,"Marina Mirage, Port Douglas",Diesel,Unknown
14,25-08-2002,Brisbane,Land,N-A,Port,Fisherman Island Berth #1&2,Cotton Seed Residue,Unknown
15,31-08-2002,Brisbane,Ship,Recreational,Coastal Waters,"Morton Bay Boat Club, Scarborough",Bilge,Unknown
16,2-09-2002,Cairns,Ship,Fishing,GBR,"09""57'S;142""56'E, western side of Dungeress Reef",Diesel,Unknown
17,2-09-2002,Gladstone,Ship,Trading,Coastal Waters,12 nm SSE of High Peak,Bilge,Unknown
18,8-09-2002,Brisbane,Land,N-A,Port,"BP crude Terminal - Bulwer Island, Brisbane River",HFO,Unknown
19,9-09-2002,Cairns,Ship,Recreational,GBR,"Hospital Pt, Thursday Island",Diesel,Unknown
20,9-09-2002,Gladstone,Ship,Commercial,Port,RG Tanna Coal Terminal wharf,Hydraulic Oil,Unknown
21,14-09-2002,Mackay,Ship,Commercial,Coastal Waters,Shute Harbour,Bilge,Unknown
22,19-09-2002,Mackay,Ship,Recreational,Coastal Waters,Mackay Marina,Garbage,Unknown
23,28-09-2002,Gladstone,Ship,Trading,Coastal Waters,"North Reef 23""10's 151""57'E",Bilge,Unknown
24,29-09-2002,Brisbane,Unknown,Unknown,Coastal Waters,"Saraha St Deagon, Brisbane River",Bilge,Unknown
25,1-10-2002,Brisbane,Unknown,Unknown,Port,"BP Products Berth, Pinkenba Reach Brisbane River",Diesel,Unknown
26,2-10-2002,Gladstone,Ship,Unknown,Coastal Waters,North East of Lady Musgrave Is,Bilge,Unknown
27,2-10-2002,Townsville,Ship,Fishing,GBR,"Anzac Reef 18""43'S 147""53'E",Garbage,Unknown
28,7-10-2002,Brisbane,Land,N-A,Port,Fisherman Island Berth #1&2,Diesel,Unknown
29,8-10-2002,Mackay,Ship,Trading,GBR,"22""19.25'S 151""17.7'E",Bilge,Unknown
30,9-10-2002,Cairns,Ship,Recreational,Coastal Waters,"Marina Mirage, Port Douglas",Diesel,Unknown
31,19-10-2002,Brisbane,Ship,Trading,Port,"BP Products Berth, Pinkenba Reach Brisbane River",HFO,Unknown
32,19-10-2002,Brisbane,Unknown,Unknown,Coastal Waters,"Gardens Point, Brisbane River",Diesel,Unknown
33,23-10-2002,Brisbane,Ship,Recreational,Coastal Waters,"Kiwana Boat Ramp, Sunshine Coast",Diesel,Unknown
34,27-10-2002,Brisbane,Unknown,Unknown,Port,Caltex Fisherman Island Wharf,Diesel,Unknown
35,31-10-2002,Brisbane,Ship,Recreational,Coastal Waters,"Docksde Marina, Brisbane River",Bilge,Unknown
36,8-11-2002,Mackay,Ship,Recreational,GBR,"Tounge Bay, Whitsunday Island",Diesel,Unknown
37,11-11-2002,Gladstone,Ship,Recreational,Coastal Waters,"Tin Can Bay, Boat Ramp at Norman Point",Bilge,Unknown
38,13-11-2002,Brisbane,Ship,Recreational,Coastal Waters,"Scarborough Marina, MBBC",Diesel,Unknown
39,14-11-2002,Cairns,Ship,Recreational,Coastal Waters,Main Beach Thursday Island,Diesel,Unknown
40,18-11-2002,Mackay,Ship,Commercial,Coastal Waters,Shute Harbour,Bilge,Unknown
41,2-12-2002,Cairns,Ship,Commercial,GBR,vicinity of Three Isles,Diesel,Unknown
42,10-12-2002,Brisbane,Land,N-A,Port,Caltex Products Wharf - Lyton,HFO,Unknown
43,10-12-2002,Cairns,Ship,Unknown,Coastal Waters,smith's creek,Diesel,Unknown
44,18-12-2002,Brisbane,Unknown,Unknown,Coastal Waters,Wellington Point,Paint,Unknown
45,21-12-2002,Brisbane,Ship,Recreational,Coastal Waters,"Scarborough Marina, MBBC",Diesel,Unknown
46,17-01-2003,Cairns,Ship,Recreational,Coastal Waters,"Port Douglas, Dickson Inlet",Diesel,Unknown
47,1-02-2003,Gladstone,Ship,Recreational,Port,Gladstone Marina,Diesel,Unknown
48,2-02-2003,Gladstone,Ship,Recreational,Port,Gladstone Marina,Diesel,Unknown
49,5-02-2003,Cairns,Ship,Unknown,Coastal Waters,"Endeavour River, Cooktown",Diesel,Unknown
50,6-02-2003,Mackay,Ship,Trading,GBR,hydrographers passage,Bilge,Unknown
51,11-02-2003,Mackay,Ship,Fishing,Coastal Waters,Abel Point Marina,Bilge,Unknown
52,12-02-2003,Cairns,Land,N-A,Coastal Waters,"swampy creek, lakeland down",Tar,Unknown
53,12-02-2003,Mackay,Ship,Trading,Coastal Waters,65 nm ENE of Gladstone,Bilge,Unknown
54,19-02-2003,Brisbane,Ship,Trading,Port,Fisherman Island Berth #1&2,HFO,Unknown
55,20-02-2003,Brisbane,Unknown,Unknown,Port,"QCL - Bp Products Berth, Brisbane River",Diesel,Unknown
56,22-02-2003,Brisbane,Ship,Fishing,Port,Doboy Creek,Diesel,Unknown
57,24-02-2003,Mackay,Ship,Fishing,Coastal Waters,Mackay Marina,Diesel,Unknown
58,26-02-2003,Cairns,Ship,Commercial,Port,Cairns Inlet,Diesel,Unknown
59,27-02-2003,Brisbane,Ship,Unknown,Port,NW3 - NW8 North West Channel Moreton Bay,Diesel,Unknown
60,4-03-2003,Cairns,Unknown,Unknown,Port,cairns inlet,Diesel,Unknown
61,12-03-2003,Brisbane,Land,N-A,Port,Caltex Wharf - Brisbane River,Bilge,Unknown
62,12-03-2003,Brisbane,Ship,Tanker,Port,"Shell Wharf, Brisbane River",HFO,Unknown
63,12-03-2003,Mackay,Ship,Fishing,Coastal Waters,Mackay Marina,Diesel,Unknown
64,14-03-2003,Brisbane,Unknown,Unknown,Coastal Waters,"Riverside Centre, Brisbane River",Diesel,Unknown
65,17-03-2003,Brisbane,Land,N-A,Port,"Hamilton Reach, Brisbane River",Bilge,Unknown
66,18-03-2003,Brisbane,Land,N-A,Port,Lytton - Quaritine Flats Reach,HFO,Unknown
67,24-03-2003,Brisbane,Unknown,Unknown,Port,E1 and E3 Eastern Channel - moreton bay,Diesel,Unknown
68,27-03-2003,Brisbane,Land,N-A,Port,Maritime Berths 1&2,Tallo,Unknown
69,17-04-2003,Mackay,Ship,Unknown,GBR,10.5 nm NE Wigton Is - Whitsunday's,Diesel,Unknown
70,27-04-2003,Cairns,Ship,Fishing,Offshore,"Turu Cay - 09""49'S 141""26'E",Diesel,Unknown
71,28-04-2003,Brisbane,Land,N-A,Port,Pinkenba,Petrol,Unknown
72,29-04-2003,Gladstone,Ship,Commercial,Coastal Waters,Rosslyn Bay Boat Harbour,Diesel,Unknown
73,6-05-2003,Brisbane,Ship,Recreational,Coastal Waters,"Moreton Bay Boat Club, Scarborough Harbour",Diesel,Unknown
74,10-05-2003,Mackay,Unknown,Unknown,GBR,Apostle Bay-Tongue Point - Whitsundays,Diesel,Unknown
75,11-05-2003,Mackay,Ship,Recreational,GBR,"Sawmill Bay - 20""15'S 148""56'E",Diesel,Unknown
76,14-05-2003,Cairns,Ship,Unknown,Coastal Waters,Thursday Island Boat Harbour,Diesel,Unknown
77,26-05-2003,Cairns,Ship,Unknown,Coastal Waters,"Marina Mirage, Port Douglas",Diesel,Unknown
78,27-05-2003,Cairns,Ship,,Coastal Waters,Thursday Island Boat Harbour,Diesel,Unknown
79,28-05-2003,Brisbane,Land,N-A,Coastal Waters,southbank,Diesel,Unknown
80,28-05-2003,Brisbane,Land,N-A,Port,caltex crude berth - fisherman island,Diesel,Unknown
81,29-05-2003,Cairns,Ship,Unknown,Coastal Waters,Thursday Island Boat Harbour,Diesel,Unknown
82,30-05-2003,Cairns,Ship,Commercial,Port,Humbug Wharf - Weipa,Bilge,Unknown
83,31-05-2003,Brisbane,Ship,Trading,Port,Maritime Berths 1&2,HFO,Unknown
84,31-05-2003,Brisbane,Ship,Fishing,Port,"Raptis Wharf Colmslie, Brisbane River",Diesel,Unknown
85,25-06-2003,Brisbane,Unknown,Unknown,Coastal Waters,"Bulimba Reach, Brisbane River",Diesel,Unknown
86,4-07-2003,Brisbane,Unknown,Unknown,Port,"Cabbage Tree Creek, Brisbane",Sheen,Unknown
87,11-07-2003,Mackay,Ship,Fishing,Port,"Mackay Marina, Mackay",Diesel,Unknown
88,26-07-2003,Brisbane,Unknown,Unknown,Coastal,"East Brisbane Reach, Brisbane River",Sheen,Unknown
89,4-08-2003,Gladstone,Ship,Fishing,Coastal,Rosslyn Bay Boat Harbour,Diesel,Unknown
90,9-08-2003,Brisbane,Unknown,Unknown,Port,"Hemmant Barge Landing, Brisbane River",Sheen,Unknown
91,23-08-2003,Brisbane,Ship,Unknown,Port,Moreton Bay,Sheen,Unknown
92,10-09-2003,Brisbane,Ship,Trading,Port,"Fishermans Islands Coal Berth, Brisbane River",Hydraulic,Unknown
93,10-09-2003,Gladstone,Ship,Commercial,Port,"Fishermans  Landing, Gladstone",Hydraulic,Unknown
94,11-09-2003,Cairns,Ship,Defence,Port,Thursday Island,Diesel,Unknown
95,12-09-2003,Cairns,Ship,Recreational,Port,"Marlin Marina, Cairns",Bilge,Unknown
96,12-09-2003,Cairns,Ship,Unknown,Port,"Trinity Inlet, Cairns",Sheen,Unknown
97,23-09-2003,Brisbane,Unknown,Unknown,Port,"Fishermans Islands, Brisbane River",Sheen,Unknown
98,4-10-2003,Mackay,Ship,Commercial,Coastal,Shute Harbour,Sheen,Unknown
99,6-10-2003,Cairns,Ship,Unknown,Port,"Marlin Marina, Cairns",Diesel,Unknown
100,7-10-2003,Brisbane,Ship,Recreational,Port,"Newport Waterways, Scarborough",Sheen,Unknown
101,10-10-2003,Brisbane,Ship,Unknown,Port,"Scarbrogh Harbour, Brisbane",Sheen,Unknown
102,13-10-2003,Cairns,Ship,Unknown,Coastal,Port Douglas,Diesel,Unknown
103,16-10-2003,Cairns,Ship,Unknown,Coastal,Port Douglas,Bilge,Unknown
104,17-10-2003,Cairns,Ship,Trading,Coastal,"Flinders Group, Princess Charlote Bay FNQ",Fuel Oil,Unknown
105,24-10-2003,Brisbane,Ship,Defence,Port,"Maritime #1 Wharf, Brisbane River",Diesel,Unknown
106,28-10-2003,Brisbane,Ship,Oil Tanker,Port,"BP Refinery Wharf, Brisbane River",Crude,Unknown
107,29-10-2003,Mackay,Ship,Recreational,Coastal,Shute Harbour,Sheen,Unknown
108,30-10-2003,Cairns,Ship,Trading,Port,"Lorim Point, Weipa",Hydraulic,Unknown
109,8-11-2003,Brisbane,Ship,Commercial,Port,"Spitfire Channel, Moreton Bay",Hydraulic,Unknown
110,14-11-2003,Cairns,Ship,Recreational,Coastal,Port Douglas,Diesel,Unknown
111,16-11-2003,Cairns,Ship,Trading,Coastal,"Chillie Beach, Cape Weymouth, FNQ",Bilge,Unknown
112,18-11-2003,Brisbane,Ship,Oil Tanker,Port,"STS1 Anchorage, Moreton Bay",Bilge,Unknown
113,20-11-2003,Townsville,Land,N-A,Port,"Shell Terminal, Berth 1, Townsville",Fuel Oil,Unknown
114,23-11-2003,Brisbane,Unknown,Unknown,Coastal,"Mooloola River, Sunshine Coast",Sheen,Unknown
115,4-12-2003,Mackay,Ship,Recreational,Port,"Mackay Marina, Mackay",Diesel,Unknown
116,5-12-2003,Brisbane,Land,N-A,Coastal,"East Brisbane Reach, Brisbane River",Sheen,Unknown
117,7-12-2003,Brisbane,Ship,Trading,Port,Fishermans Islands Brisbane River,Hydraulic,Unknown
118,7-12-2003,Gladstone,Ship,Fishing,Offshore,"Hoskyn Island, Capricorn Bunker Group",Diesel,Unknown
119,9-12-2003,Cairns,Unknown,Unknown,Port,"Smiths Creek, Cairns",Sheen,Unknown
120,11-12-2003,Cairns,Unknown,Unknown,Port,"Firewood Creek, Cairns",Sheen,Unknown
121,12-12-2003,Cairns,Unknown,Unknown,Port,Thursday Island,Sheen,Unknown
122,17-12-2003,Brisbane,Ship,Oil Tanker,Port,"Brisbane Roads Anchorage, Moreton Bay",Hydraulic,Unknown
123,17-12-2003,Cairns,Ship,Fishing,Port,Evans Landing Weipa,Diesel,Unknown
124,17-12-2003,Cairns,Land,N-A,Port,Thursday Island,Sheen,Unknown
125,18-12-2003,Cairns,Land,N-A,Port,Horn Island Cargo Facility,Diesel,Unknown
126,22-12-2003,Mackay,Ship,Commercial,Coastal,"Mackay Marina, Mackay",Bilge,Unknown
127,26-12-2003,Brisbane,Ship,Commercial,Port,"Caincross Fitting out Wharf, Brisbane River",Hydraulic,Unknown
128,26-12-2003,Brisbane,Ship,Recreational,Coastal,"Caloundra Head, Sunshine Coast",Diesel,Unknown
129,27-12-2003,Cairns,Ship,Recreational,Coastal,"Half Moon Bay Marina, Cairns",Diesel,Unknown
130,9-01-2004,Cairns,Ship,Fishing,Port,"Firewood Creek, Cairns",Sheen,Unknown
131,11-01-2004,Brisbane,Unknown,Unknown,Coastal,"Newport Waterways, Scarborough",Sheen,Unknown
132,12-01-2004,Mackay,Ship,Commercial,Coastal,"Able Point Marina, Whitsunday",Bilge,Unknown
133,12-01-2004,Townsville,Ship,Trading,Coastal,"Queens Beach, Bowen",Bilge,Unknown
134,13-01-2004,Mackay,Ship,Trading,Coastal,"Hook Island, Whitsundays",Bilge,Unknown
135,15-01-2004,Mackay,Ship,Commercial,Coastal,"Able Point Marina, Whitsunday",Bilge,Unknown
136,16-01-2004,Brisbane,Unknown,Unknown,Port,"Bulimba Reach, Brisbane River",Sheen,Unknown
137,21-01-2004,Cairns,Ship,Trading,Port,"Tropical Reef Slipway, Trinity Inlet, Cairns",Diesel,Unknown
138,4-02-2004,Brisbane,Unknown,Unknown,Coastal,"Minyama Canals, Sunshine Coast",Diesel,Unknown
139,8-02-2004,Brisbane,Ship,Recreational,Port,"Newport Waterways, Scarborough",Bilge,Unknown
140,12-02-2004,Cairns,Ship,Trading,Coastal,Western entrance to Torres Strait,Bilge,Unknown
141,13-02-2004,Mackay,Unknown,Unknown,Port,"Mackay Marina, Mackay",Bilge,Unknown
142,14-02-2004,Brisbane,Ship,Commercial,Port,"Fishermans Islands, No 3, Moreton Bay",Diesel,Unknown
143,25-02-2004,Brisbane,Ship,Fishing,Port,"Bar Cutting, Moreton Bay",Sheen,Unknown
144,27-02-2004,Cairns,Unknown,Unknown,Port,"Wharf 6, Trinity Inlet, Cairns",Sheen,Unknown
145,2-04-2004,Brisbane,Aircraft,Helicopter,Port,"Kedron Brook Floodway, Brisbane",Avgas,Unknown
146,3-04-2004,Brisbane,Ship,Fishing,Coastal,"Newport Waterways, Scarborough",Diesel,Unknown
147,5-04-2004,Brisbane,Ship,Trading,Port,"Caltex, Fishermans Islands Berth",Sheen,Unknown
148,11-04-2004,Cairns,Ship,Recreational,Port,Thursday Island,Diesel,Unknown
149,12-04-2004,Brisbane,Ship,Recreational,Coastal,"Newport Waterways, Scarborough",Paint Dust,Unknown
150,15-04-2004,Brisbane,Unknown,Unknown,Coastal,"Barralong Canal, Buddina",Chemical,Unknown
151,18-04-2004,Cairns,Ship,Unknown,Port,"Main Wharf, Thursday Island",Sheen,Unknown
152,5-05-2004,Cairns,Land,Defence,Port,"Trinity Inlet, Cairns",Diesel,Unknown
153,16-05-2004,Mackay,Ship,Unknown,Coastal,"Blue Pearl Bay, Hayman Island, Whitsundays",Diesel,Unknown
154,19-05-2004,Brisbane,Ship,Unknown,Port,"Cabbage Tree Creek, Brisbane",Sheen,Unknown
155,19-05-2004,Cairns,Ship,Fishing,Port,Thursday Island,Diesel,Unknown
156,21-05-2004,Brisbane,Ship,Recreational,Port,"Manly Marine, Brisbane",Diesel,Unknown
157,22-05-2004,Brisbane,Ship,Unknown,Port,"Lytton Reach, Brisbane River",Sheen,Unknown
158,22-05-2004,Cairns,Land,Unknown,Port,"Trinity Inlet, Cairns",Sheen,Unknown
159,24-05-2004,Brisbane,Ship,Fishing,Port,Gladstone Marina,Diesel,Unknown
160,24-05-2004,Gladstone,Ship,Fishing,Port,Gladstone Marina,Bilge,Unknown
161,25-05-2004,Brisbane,Ship,Unknown,Coastal,"Shaftston Reach, Brisbane River",Bilge,Unknown
162,27-05-2004,Cairns,Ship,Commercial,Port,Thursday Island,Bilge,Unknown
163,4-06-2004,Cairns,Unknown,Unknown,Port,"Trinity Inlet, Cairns",Diesel,Unknown
164,7-06-2004,Cairns,Unknown,Unknown,Port,"Trinity Inlet, Cairns",Diesel,Unknown
165,10-06-2004,Brisbane,Unknown,Unknown,Port,"Cabbage Tree Creek, Brisbane",Sheen,Unknown
166,10-06-2004,Cairns,Ship,Unknown,Port,Thursday Island,Bilge,Unknown
167,14-06-2004,Brisbane,Land,N-A,Port,"Caltex, Fishermans Islands Berth",Fuel Oil,Unknown
168,2-07-2004,Brisbane,Ship,Commercial,Coastal Waters,"Brisbane River, Eagle St Pier",Sheen,Unknown
169,27-07-2004,Cairns,Ship,Commercial,Port,"Between D Finger CFB 1 & TR slipway, Trinity Inlet- Smiths Creek",Bilge,20
170,29-07-2004,Cairns,Unknown,Unknown,Port,From Sinrab Point to Wharf 7,Sheen,50
171,29-07-2004,Mackay,Unknown,Unknown,GBRMP,"Tongue Bay, Whitsunday Island",Unknown,Unknown
172,30-07-2004,Brisbane,Helicopter,n-a,Coastal Waters,"Helicopter Pontoon, South Bank Reach",Avgas,Unknown
173,30-07-2004,Cairns,Ship,Fishing,Port,D Finger Commercial Fishermans Base #1,Bilge,5
174,8-08-2004,Cairns,Ship,Trading,GBRMP,Fairway Channel near Pipin Reef,Sheen,Unknown
175,9-08-2004,Cairns,Ship,Unknown,Port,E. Finger Marlin Marina,Diesel,15
176,16-08-2004,Cairns,Land,Fishing,Port,"Main Wharf, Thursday Island",Sheen,6
177,16-08-2004,Mackay,Ship,Trading,GBRMP,5 nm NE High Peak Island,Bilge,Unknown
178,17-08-2004,Gladstone,Unknown,Unknown,GBRMP,Great Keppel Island,Bilge,Unknown
179,24-08-2004,Cairns,Ship,Commercial,Port,Thursday Island Harbour,Sheen,Unknown
180,24-08-2004,Cairns,Ship,Defence,Port,HMAS Cairns base form HMAS Ipswich,Diesel,2
181,2-09-2004,Brisbane,Land,n-a,Coastal Waters,Storm water drain between North Key and William Jolly Bridge,Other,Unknown
182,7-09-2004,Brisbane,Ship,Commercial,Port,"Raptis Wharf, Brisbane River",Other,40
183,9-09-2004,Cairns,Unknown,Unknown,Port,Between #10 South Dolphin and naval base,Sheen,5
184,18-09-2004,Brisbane,Ship,Recreational,Port,"112 Quay St, Bulimba, Brisbane River",Diesel,5
185,28-09-2004,Brisbane,Unknown,Unknown,Coastal Waters,"Mooloolah River, Mooloolaba",Diesel,Unknown
186,28-09-2004,Cairns,Ship,Recreational,Port,Sail Fish Quay Marlin Marina,Bilge,60
187,29-09-2004,Townsville,Ship,Unknown,Coastal Waters,"Rowes Bay, Bowen",HFO,Unknown
188,3-10-2004,Mackay,Ship,Recreational,GBRMP,1 km East of Whitsunday Isl Craig,Sheen,Unknown
189,4-10-2004,Brisbane,Ship,Fishing,Port,Outside area of Scarborough Harbour,Bilge,Unknown
190,6-10-2004,Cairns,Ship,Commercial,Port,"Between D Finger CFB 1 and Tropical Reef slipway, Trinity Inlet- Smiths Creek",Bilge,40
191,7-10-2004,Brisbane,Unknown,Unknown,Port,Whyte Island Tug Base,Unknown,Unknown
192,10-10-2004,Brisbane,Land,n-a,Coastal Waters,"Golden Beach, Pumicestone Passage",Diesel,Unknown
193,12-10-2004,Brisbane,Land,n-a,Port,Fisherman Is #3 berth,Diesel,100
194,18-10-2004,Brisbane,Land,n-a,Coastal Waters,"Diet Park ferry terminal, St Lucia",Other,Unknown
195,18-10-2004,Brisbane,Unknown,Unknown,Port,"Brisbane River, mouth of Dobey Creek",Diesel,Unknown
196,19-10-2004,At Sea,Ship,Trading,Territorial Sea,"31 miles to sea, ESE from Pt Lookout, bearing 115",Other,Unknown
197,21-10-2004,Mackay,Ship,Commercial,GBRMP,"Centenary Cay, Swains Reef",Diesel,Unknown
198,22-10-2004,Brisbane,Ship,Trading,Port,Fishermans Islands Berth 7,Bilge,500
199,24-10-2004,Mackay,Ship,Unknown,Port,Mackay Marina,Diesel,Unknown
200,27-10-2004,Brisbane,Unknown,Unknown,Coastal Waters,Scarborough Harbour,Bilge,Unknown
201,31-10-2004,Brisbane,Ship,Trading,Port,"Brisbane River, Pikenba no 2 berth",Other,Unknown
202,31-10-2004,Brisbane,Unknown,Unknown,Port,"Moreton Bay, Woody Point, adj Woodcliffe Cres",Other,Unknown
203,1-11-2004,Townsville,Ship,Fishing,Port,South Townsville,Diesel,Unknown
204,5-11-2004,Brisbane,Ship,Commercial,Coastal Waters,"Public boat ramp, Kings Beach, Caloundra",Diesel,Unknown
205,6-11-2004,Brisbane,Unknown,Unknown,Port,"Bulimba Reach, Teneriffe, Brisbane River",Other,Unknown
206,15-11-2004,Brisbane,Unknown,Unknown,Coastal Waters,Manly Boat Harbour ,Sheen,Unknown
207,17-11-2004,Brisbane,Unknown,Unknown,Port,Bretts Wharf to Breakfast Creek,Diesel,Unknown
208,19-11-2004,Gladstone,Ship,Fishing,Port,"2 cables SSE of Turtle Island, Gladstone Harbour",Diesel,Unknown
209,20-11-2004,Brisbane,Ship,Recreational,Coastal Waters,"Wood canal, Aquatic Paradise, Birkdale",Diesel,Unknown
210,21-11-2004,Mackay,Ship,Trading,Port,Hay Point Anchorage,Bilge,Unknown
211,23-11-2004,Brisbane,Unknown,Unknown,Coastal Waters,"Gardens Pt moorings, Town Reach, Brisbane River ",Sheen,Unknown
212,6-12-2004,Brisbane,Ship,Recreational,Coastal Waters,"1 mile, Stradbroke Island",Other,Unknown
213,9-12-2004,Mackay,Ship,Recreational,GBRMP,Repulse Bay leading into Laguna Quays marina,Sheen,Unknown
214,25-12-2004,Brisbane,Unknown,Unknown,Port,"Brisbane River, Bulimba Reach- Bartons Rd, Hawthorne",Sheen,Unknown
215,26-12-2004,Townsville,Ship,Trading,GBRMP,Palm Passage,HFO,Unknown
216,29-12-2004,Cairns,Ship,Fishing,Port,Trinity Petroleum Fuel Berth,Sheen,300
217,31-01-2005,Brisbane,Unknown,Unknown,Coastal Waters,"Weinam Creek, Redland Bay (near old water taxi terminal)",Diesel,50
218,1-02-2005,Brisbane,Land,n-a,Coastal Waters,"Storm Water Drain into Brisbane River, New Farm (100m upstream Merthyr Rd)",Other,Unknown
219,1-02-2005,Townsville,Unknown,Unknown,Port,"Ross Creek, adjacent to Motor Boat Club, Tomlin St",Sheen,Unknown
220,3-02-2005,Brisbane,Ship,Recreational,Coastal Waters,"Raby Bay Marina, Endeavour Canal, Raby Bay",Sheen,Unknown
221,9-02-2005,Brisbane,Unknown,Unknown,Coastal Waters,"Stanford Plaza, Downstream from Botanical Gardens",Sheen,Unknown
222,19-02-2005,Brisbane,Unknown,Unknown,Port,"Bulimba Reach, Brisbane River",Sheen,Unknown
223,24-02-2005,Brisbane,Land,n-a,Port,"Boat Passabe , Whyte Island, Brisbane River",Sheen,Unknown
224,24-02-2005,Brisbane,Unknown,Unknown,Coastal Waters,Mooloolaba Boat Harbour,Diesel,Unknown
225,24-02-2005,Cairns,Ship,Customs,Port,"Main Wharf, Thursday Island",Diesel,300
226,25-02-2005,Cairns,Ship,Trading,GBRMP," Inner Route, North of Cairns",Bilge,Unknown
227,7-03-2005,Cairns,Land,n-a,Coastal Waters,"Badu Island, Torres Strait",Diesel,Unknown
228,9-03-2005,Brisbane,Ship,Recreational,Coastal Waters,"Newport Waterways Marina, Scarborough",Bilge,
229,30-03-2005,Brisbane,Unknown,Unknown,Coastal Waters,"Cabbage Tree Creek, Sandgate",Sheen,Unknown
230,30-03-2005,Cairns,Ship,Fishing,Port,"Trinity Inlet, Cairns - betwenCoconut Slipway & Redbank Ck",Diesel,10
231,1-04-2005,Cairns,Unknown,Unknown,Port,"Commercial Fishermans Base 2, Smiths Creek, Cairns",Diesel,5
232,11-04-2005,Brisbane,Land,n-a,Port,"Caincross Bockyard, Brisbane River",Bilge,40
233,14-04-2005,Brisbane,Unknown,Unknown,Port,Fishermans Islands #3,Sheen,Unknown
234,16-04-2005,Brisbane,Unknown,Unknown,Port,"Caincross Dockyard, Brisbane River",Sheen,Unknown
235,19-04-2005,Cairns,Ship,Defence,Port,HMAS Cairns base form HMAS Ipswich,Diesel,100
236,22-04-2005,Brisbane,Unknown,Unknown,Coastal Waters,"Browns Slipway, Nooloola River",Sheen,Unknown
237,4-05-2005,Mackay,Ship,Recreational,Coastal Waters,"Marble Island, Duke Group",Diesel,2000
238,5-05-2005,Cairns,Ship,Unknown,Port,Thursday Island Harbour,Sheen,Unknown
239,11-05-2005,Brisbane,Unknown,Unknown,Port,"Cabbage Tree Creek, Sandgate",Diesel,Unknown
240,20-05-2005,Cairns,Ship,Unknown,Port,"Marlin Marina, Cairns",Bilge,Unknown
241,20-05-2005,Cairns,Unknown,Unknown,Coastal Waters,Port Douglas,Sheen,Unknown
242,2-06-2005,Brisbane,Unknown,Unknown,Port,"Cabbage Tree Creek, Sandgate",Sheen,Unknown
243,15-06-2005,Brisbane,Unknown,Unknown,Coastal Waters,"Petrie Bight, Brisbane River",Sheen,Unknown
244,20-06-2005,Brisbane,Unknown,Unknown,Port,Scarborough Harbour,Sheen,Unknown
245,29-06-2005,Brisbane,Land,Unknown,Port,"Fishermans Islands, Brisbane",Diesel,Unknown
246,17-07-2005,Cairns,Ship,Commercial,Port,Thursday Island Harbour,Diesel,180
247,10-08-2005,Cairns,Unknown,Unknown,Port,Marlin Marina Cairns,Fatty Substance,Unknown
248,16-08-2005,Brisbane,Ship,Recreational,Coastal Waters,Scarbrough Boat Harbour,Lubricating Oil,Unknown
249,24-08-2005,Gladstone,Ship,Commercial,Port,Gladstone Harbour,Diesel,Unknown
250,25-08-2005,Cairns,Ship,Commercial,Port,"Smiths Creek, Cairns",Bilge,Unknown
251,31-08-2005,Cairns,Ship,Commercial,Port,Thursday Island Main Wharf,Diesel,Unknown
252,21-09-2005,Cairns,Unknown,Unknown,Coastal Waters,"Marina Mirage, Port Douglas",Diesel,Unknown
253,22-09-2005,Mackay,Unknown,Unknown,Port,Mackay Marina,Diesel,5
254,6-10-2005,Cairns,Ship,Recreational,Coastal Waters,"Marina Mirage, Port Douglas",Diesel,Unknown
255,6-10-2005,Cairns,Ship,Commercial,Port,"No. 4 Wharf, Cairns",Bilge,5
256,7-10-2005,Cairns,Ship,Unknown,Coastal Waters,"Marina Mirage, Port Douglas",Bilge,Unknown
257,10-10-2005,Cairns,Ship,Recreational,Port,Mourilyan Harbour,Diesel,Unknown
258,10-10-2005,Townsville,Ship,Commercial,Port,"Berth 10, Townsville Harbour",HFO,Unknown
259,11-10-2005,Cairns,Unknown,Unknown,Port,Thursday Island Harbour,Diesel,Unknown
260,15-10-2005,Brisbane,Unknown,Unknown,Port,"Shaftston Reach, Brisbane River",Diesel,Unknown
261,20-10-2005,Cairns,Unknown,Unknown,Port,"Smiths Creek, Cairns",Bilge,20
262,23-10-2005,Gladstone,Ship,Recreational,Coastal Waters,"Fitzroy River, Rockhampton",Diesel,Unknown
263,28-10-2005,Cairns,Ship,Unknown,Port,"Marina Mirage, Port Douglas",Bilge,Unknown
264,28-10-2005,Cairns,Ship,Fishing,Coastal Waters,"Mulgrave River, Deeral",Bilge,Unknown
265,7-11-2005,Cairns,Ship,Commercial,Coastal Waters,Armistice Reef,Bilge,Unknown
266,8-11-2005,Cairns,Unknown,Unknown,Port,Marlin Marina Cairns,Sheen,Unknown
267,14-11-2005,Cairns,Unknown,Unknown,Port,Marlin Marina Cairns,Diesel,10
268,4-12-2005,Cairns,Unknown,Unknown,Coastal Waters,"Marina Mirage, Port Douglas",Diesel,Unknown
269,7-12-2005,Cairns,Unknown,Unknown,Port,"Commercial Fishermans Base 2, Smiths Creek, Cairns",Sheen,Unknown
270,31-12-2005,Cairns,Ship,Recreational,Coastal Waters,"Marina Mirage, Port Douglas",Petrol,Unknown
271,16-01-2006,Gladstone,Ship,Commercial,Port,Bunker oil spill from Larcom in Gladstone,HFO,1000
272,20-01-2006,Gladstone,Ship,Fishing,Territorial Sea,Fire on trawler 28nm NNE Cape Capricorn,Diesel,3000
273,6-03-2006,Cairns,Ship,Commercial,Coastal Waters,"Marina Mirage, Port Douglas",Diesel,Unknown
274,31-03-2006,Cairns,Unknown,Unknown,Port,"Commercial Fishermans Base 2, Smiths Creek, Cairns",Bilge,20
275,13-04-2006,Cairns,Ship,Recreational,Port,"Marlin Marina, Cairns",Bilge,20
276,23-04-2006,Townsville,Land,N-A,Port,Berth 4 Townsville - Road tanker refuelling ship,Diesel,200
277,26-04-2006,Mackay,Ship,Recreational,Coastal Waters,"Pioneer Bay, Airlie Beach",Sheen,Unknown
278,2-05-2006,Mackay,Ship,Commercial,Port,Hay Point Anchorage,Hydraulic Oil,30
279,30-05-2006,Cairns,Ship,Recreational,Coastal Waters,"Marina Mirage, Port Douglas",Diesel,5
280,5-06-2006,Townsville,Ship,N-A - Museum Piece,Port,Reef HQ Wharf Townsville - vessel sunk at wharf,Diesel,50
281,20-06-2006,Townsville,Land,N-A,Port,"Townsville Harbour Berths 4,6,and 7 -  from stormwater",Diesel,Unknown
282,27-06-2006,Gold Coast,Ship,Commercial,Coastal Waters,Gold Coast City Marina - vessel sunk at marina berth,Lubricating Oil,75
283,9-07-2006,Mackay,Unknown,N-A,Port,Mackay Marina,Sheen,1
284,8-08-2006,Cairns,Unknown,N-A,Coastal Waters,"Mirana Mirage, Port Douglas",Diesel,Unknown
285,12-08-2006,Cairns,Ship,Trading,Coastal Waters,Near Hope Island,Bilge,Unknown
286,12-08-2006,Gladstone,Ship,Fishing,Coastal Waters,Rosslyn Bay Boat Harbour - FV Kerry K,Diesel,Unknown
287,17-08-2006,Gladstone,Ship,Trading,Port,"Fishermans Landing  No.2, Gladstone",Other - Lube ,25
288,25-08-2006,Cairns,Ship,Unknown,Coastal Waters,Offshore from Port Douglas,Unknown,Unknown
289,25-08-2006,Cairns,Ship,Trading,Territorial Sea,40 miles SW of Prince of Wales Island,Sheen,Unknown
290,4-09-2006,Gladstone,Ship,Fishing,Port,Gladstone Marina,Diesel,Unknown
291,9-09-2006,Townsville,Ship,Commercial,Port,Townsville harbour berth 6,Diesel,Unknown
292,30-09-2006,Gold Coast,Ship,Recreation,Coastal Waters,"Budds Beach, Nerang River, Surfers Paradice",Diesel,Unknown
293,11-10-2006,Townsville,Land,N-A,Port,Townsville harbour berthS 8 & 9,HFO,Unknown
294,13-10-2006,Brisbane,Unknown,Unknown,Coastal Waters,Mooloolaba Boat Harbour,Sheen,Unknown
295,23-10-2006,Cairns,Ship,Unknown,Coastal Waters,"Noahs Beach, Cape Tribulation",Bilge,Unknown
296,8-11-2006,Gladstone,Ship,Trading,Port,"South Trees Wharf, Gladstone",Bilge,Unknown
297,14-11-2006,Townsville,Land,N-A,Port,"Queensland Nickel Pipeline, Civic Theatre and drain",HFO,Unknown
298,16-11-2006,Cairns,Unknown,Unknown,Port,"Marlin Marina, Trinity Inlet, Cairns",Diesel,Unknown
299,2-12-2006,Cairns,Ship,Recreation,Port,"Marlin Marina, Trinity Inlet, Cairns",Other - Lube,Unknown
300,8-12-2006,Cairns,Ship,Commercial,Coastal Waters,"Marina Mirage, Port Douglas",Diesel,Unknown
301,12-12-2006,Cairns,Ship,Commercial,Coastal Waters,"4nm east of Double Island, Cairns",Bilge,Unknown
302,15-12-2006,Gladstone,Ship,Fishing,Territorial Sea,17m ENE od Baffle Creek,Diesel,Unknown
303,17-12-2006,Brisbane,Unknown,Unknown,Coastal Waters,Mooloolaba Boat Harbour,Diesel,Unknown
304,20-12-2006,Brisbane,Ship,Recreation,Coastal Waters,"Lawries Marina, Mooloolaba",Sheen,Unknown
305,27-12-2006,Brisbane,Unknown,Unknown,Coastal Waters,Mooloolaba Boat Harbour,Diesel,Unknown
306,1-01-2007,Cairns,Ship,Trading,Port,"Lorim Point, Weipa",Other - Hyd,Unknown
307,10-01-2007,Brisbane,Unknown,Unknown,Coastal Waters,"Petrie Bight, Brisbane River",Sheen,Unknown
308,14-01-2007,Gladstone,Ship,Commercial,Port,Gladstone Marina,Other - Gearbox,Unknown
309,15-01-2007,Gladstone,Unknown,Unknown,Port,"South Trees Wharf, Gladstone",Sheen,Unknown
310,22-01-2007,Brisbane,Ship,Recreation,Coastal Waters,Mooloolaba Boat Harbour,Sheen,Unknown
311,30-01-2007,Brisbane,Unknown,Unknown,Port,"Maritime 2, Hamilton Reach, Brisbane River",Diesel,Unknown
312,8-02-2007,Brisbane,Ship,Recreation,Coastal Waters,"Raby Bay Marina, Brisbane",Diesel,Unknown
313,11-02-2007,Mackay,Ship,Trading,Coastal Waters,2nm East of Hay Point,Sheen,Unknown
314,16-02-2007,Mackay,Ship,Trading,Coastal Waters,Deadman Island off Cape Palmerston,Bilge,Unknown
315,17-02-2007,Gladstone,Ship,Recreation,Coastal Waters,"Long Beach, Zitzie - North of Gladstone",Diesel,Unknown
316,19-02-2007,Townsville,Ship,Commercial,Coastal Waters,Cardwell,Diesel,Unknown
317,3-03-2007,Mackay,Ship,Commercial,Port,Mackay Marina,Diesel,50
318,5-03-2007,Brisbane,Unknown,Unknown,Coastal Waters,"Browns Wharf, Mooloolaba",Sheen,Unknown
319,6-03-2007,Brisbane,Unknown,Unknown,Coastal Waters,Mooloolaba Boat Harbour,Diesel,
320,9-03-2007,Townsville,Ship,Fishing,Territorial Sea,17nm East of Magnetic Island - sunken trawler,Diesel,Unknown
321,12-03-2007,Brisbane,Ship,Commercial,Coastal Waters,Mooloolaba Boat Harbour,Other - Hydraulic,15
322,13-03-2007,Brisbane,Ship,Fishing,Coastal Waters,Mooloolaba Boat Harbour,Diesel,3
323,22-03-2007,Brisbane,Unknown,Unknown,Coastal Waters,Manly Marina,Sheen,Unknown
324,27-03-2007,Brisbane,Ship,Recreation,Coastal Waters,Redland Bay esplanade,Other,Unknown
325,28-04-2007,Brisbane,Unknown,Unknown,Coastal Waters,"Dockside Marina, Brisbane River",Diesel,Unknown
326,1-05-2007,Cairns,Ship,Commercial,Coastal Waters,"Marina Mirage, Port Douglas",Diesel,50
327,2-05-2007,Brisbane,Unknown,Unknown,Coastal Waters,Mooloolaba Boat Harbour,Other,Unknown
328,6-05-2007,Brisbane,Ship,Recreation,Coastal Waters,"Horseshoe Bay, Peel Island",Diesel,Unknown
329,12-05-2007,Gold Coast,Ship,Recreation,Coastal Waters,"Paradise Point, Gold Coast",Petrol,700
330,13-05-2007,Brisbane,Land,N-A,Port,"Shell Terminal, Pinkenba, Brisbane River",Sheen,Unknown
331,16-05-2007,Brisbane,Unknown,Unknown,Port,"Fisherman Islands, Berth 8, Brisbane River",Sheen,Unknown
332,21-05-2007,Brisbane,Ship,Commercial,Port,"No16 beacon, Bar Cutting, Brisbane",Other - Hydraulic,7
333,21-05-2007,Brisbane,Unknown,Unknown,Port,"Snapper Creek, Tin Can Bay",Diesel,Unknown
334,23-05-2007,Brisbane,Land,N-A,Port,"Caltex Crude Berth, Fisherman Islands",Crude,0.2
335,26-05-2007,Mackay,Unknown,Unknown,Coastal Waters,"Abel Point Marina, Airlie Beach",Sheen,2
336,28-05-2007,Brisbane,Unknown,Unknown,Coastal Waters,Mooloolaba Boat Harbour,Sheen,Unknown
337,29-05-2007,Brisbane,Ship,Fishing,Coastal Waters,Mooloolaba Boat Harbour,Bilge,10
338,30-05-2007,Mackay,Ship,Commercial,Coastal Waters,"Abel Point Marina, Airlie Beach",Bilge,20
339,8-06-2007,Gladstone,Ship,Defence,Port,"Auckland Point, Gladstone",Diesel,20
340,10-07-2007,Townsville,Ship,Trading,Port,"Berth 4, Townsville Port",Diesel,200
341,18-07-2007,Brisbane,Unknown,Unknown,Coastal Waters,Mooloolaba Yacht Club,Diesel,Unknown
342,22-07-2007,Townsville,Unknown,Unknown,Port,"Ross River, Townsville",Lube Oil,30
343,1-08-2007,Brisbane,Unknown,Unknown,Coastal Waters,"Mooloolaba, Browns Slipway",Diesel,Unknown
344,10-08-2007,Gladstone,Ship,Fishing,Port,"Snapper Creek, Tin Can Bay",Diesel,200
345,18-08-2007,Brisbane,Ship,Trading,Port,Brisbane Cruise Ship Terminal,Diesel,3
346,20-08-2007,Brisbane,Unknown,Unknown,Coastal Waters,"Mooloolaba, Debretts Wharf",Diesel,1
347,21-08-2007,Cairns,Unknown,Unknown,Coastal Waters,Coleman River,Diesel,Unknown
348,25-08-2007,Mackay,Unknown,Unknown,Coastal Waters,Seaward of Hay Point,Sheen,Unknown
349,26-08-2007,Brisbane,Ship,Recreational,Coastal Waters,Noosa River,Diesel,Unknown
350,31-08-2007,Mackay,Unknown,Unknown,Coastal Waters,"Armstrong Beach, Sarina",Other,Unknown
351,5-09-2007,Townsville,Ship,Commercial,Coastal Waters,Orpheus Island,Diesel,200
352,11-09-2007,Mackay,Ship,Fishing,GBRMP,"Swain Reef, - FV Jagger sunk",Diesel,7000
353,12-09-2007,Mackay,Ship,Recreational,GBRMP,7.5nm NE Mackay,Petrol,40
354,27-09-2007,Brisbane,Ship,Recreational,Coastal Waters,Wynnum Creek,Sheen,Unknown
355,30-09-2007,Cairns,Ship,Trading,Coastal Waters,Turtle Cove between Cairns and Port Douglas,HFO,Unknown
356,30-09-2007,Gladstone,Ship,Commercial,Coastal Waters,Urangan Boat Harbour,Bilge,Unknown
357,8-10-2007,Cairns,Unknown,Unknown,Port,"Weipa, Lorim Point",HFO,Unknown
358,18-10-2007,Brisbane,Unknown,Unknown,Coastal Waters,Brisbane River Town Reach,Sheen,Unknown
359,24-10-2007,Cairns,Unknown,Unknown,Coastal Waters,Mission Beach,Sheen,Unknown
360,27-10-2007,Brisbane,Unknown,Unknown,Coastal Waters,Raby Bay Marina,Sheen,Unknown
361,30-10-2007,Cairns,Ship,Commercial,Coastal Waters,Mission Beach,Diesel,Unknown
362,1-11-2007,Cairns,Unknown,Unknown,Port,Cooktowm,Diesel,Unknown
363,7-11-2007,Brisbane,Ship,Recreational,Coastal Waters,Mooloolaba,Diesel,Unknown
364,23-11-2007,Brisbane,Land,Land,Coastal Waters,Scarbrough Harbour,Diesel,Unknown
365,27-11-2007,Cairns,Unknown,Unknown,Coastal Waters,"Port Douglas, Marina Mirage",Diesel,Unknown
366,27-11-2007,Cairns,Ship,Commercial,GBRMP,Green Island and Norman Reef,Diesel,Unknown
367,27-11-2007,Cairns,Unknown,Unknown,Port,"Cairns, Tropical Reef Slipway",Sheen,Unknown
368,6-12-2007,Cairns,Ship,Commercial,Coastal Waters,"Cairns, Mulgrave River",Diesel,Unknown
369,27-12-2007,Cairns,Unknown,Unknown,Coastal Waters,"Maria Creek, Silkwood",Diesel,Unknown
370,1-01-2008,Brisbane,Ship,Recreational,Coastal Waters,"Dockside Marine, Brisbane River",Diesel,100
371,14-01-2008,Mackay,Unknown,Unknown,Coastal Waters,"Pioneer River, Mackay",Sheen,Unknown
372,15-01-2008,Cairns,Ship,Naval,Port,"NQEA Slipway, Cairns",Diesel,10
373,16-01-2008,Mackay,Ship,Trading,Port,Hay Point Anchorage,Sheen,Unknown
374,21-01-2008,Brisbane,Ship,Recreational,Coastal Waters,Raby Bay Marina,Diesel,20
375,31-01-2008,Cairns,Ship,Commercial,Port,Cairns Berth 4-5,HFO,50
376,3-02-2008,Gladstone,Unknown,Unknown,Coastal Waters,"Hervey Bay Boat Club, Urangan",Sheen,Unknown
377,4-02-2008,Brisbane,Ship,Fishing,Coastal Waters,"One Mile anchorage , Stradbroke Island",Diesel,Unknown
378,4-02-2008,Gladstone,Ship,Fishing,Coastal Waters,Cassuarina creek,Diesel,Unknown
379,17-02-2008,Gladstone,Unknown,Unknown,Coastal Waters,"Snapper Creek, Tin Can Bay",Diesel,Unknown
380,8-03-2008,Brisbane,Ship,Fishing,Port,"Aquarium Passage, Brisbane",Diesel,5
381,14-03-2008,Mackay,Ship,Commercial,Coastal Waters,"Abel Point Marina, Airlie Beach",Bilge,25
382,19-03-2008,Cairns,Ship,Naval,Port,"HMAS Cairns, Cairns",Lube Oil,0.5
383,23-03-2008,Brisbane,Ship,Recreational,Coastal Waters,"Karragarra Island, Moreton Bay",Diesel,Unknown
384,6-04-2008,Brisbane,Ship,Recreational,Coastal Waters,"Dockside Marine, Brisbane River",Diesel,Unknown
385,8-04-2008,Cairns,Unknown,Unknown,Port,"Trawler Base, Smiths Creek, Cairns",Sheen,Unknown
386,12-04-2008,Gladstone,Ship,Commercial,Port,Gladstone Marina,Diesel,50
387,21-04-2008,Gladstone,Ship,Commercial,Port,Gladstone Marina,Sheen,Unknown
388,24-04-2008,Townsville,Land,Land,Port,Townsville Port Berth 1,Diesel,Unknown
389,26-04-2008,Gladstone,Ship,Recreational,Coastal Waters,Pancake Creek,Diesel,300
390,10-05-2008,Brisbane,Ship,Recreational,Coastal Waters,"Kangaroo Island, Southern Moreton Bay",Hydraulic oil,Unknown
391,16-05-2008,Brisbane,Unknown,Unknown,Coastal Waters,Russell Island,Bilge,Unknown
392,17-05-2008,Gladstone,Ship,Trading,GBRMP,Lady Elliott Island,HFO,Unknown
393,25-05-2008,Gladstone,Ship,Commercial,Port,"Gladstone , Boyne Whard",Coke,Unknown
394,28-05-2008,Townsville,Ship,Commercial,Port,"Townsville, Ross Creek",Hydraulic oil,1
395,9-06-2008,Brisbane,Unknown,Unknown,Coastal Waters,"Brisbane River, Teneriffe ferry terminal",Other,Unknown
396,17-06-2008,Gladstone,Land,Unknown,Port,Gladstone Marina,Diesel,77
397,18-06-2008,Brisbane,Unknown,Unknown,Coastal Waters,Cabbage Tree Creek Shornecliffe,Diesel,Unknown
398,18-06-2008,Brisbane,Ship,Commercial,Port,"Tug base, Whyte Island",Diesel,100
399,26-06-2008,Brisbane,Unknown,Unknown,Coastal Waters,"Tlimbah Creek, Toorbul",Diesel,Unknown
400,7-07-2008,Gladstone,Land,N-A,Port,"Boyne Smelter Wharf, Gladstone",Petroleum Coke,Unknown
401,8-07-2008,Gladstone,Land,N-A,Port,"Boyne Smelter Wharf, Gladstone",Petroleum Coke,Unknown
402,16-07-2008,Cairns,Unknown,N-A,Coastal Waters,"Johnston Harbour, Innisfail",Diesel,Unknown
403,20-07-2008,Gladstone,Unknown,N-A,Coastal Waters,"Hervey Bay Boat Harbour, Urangan",Sheen,Unknown
404,30-07-2008,Brisbane,Unknown,,Coastal Waters,"Mooloolaba Marina, Mooloolaba",Diesel,Unknown
405,30-07-2008,Gladstone,Ship,Trading,Port,"Auckland Channel, Gladstone",Hydraulic ,4
406,30-07-2008,Townsville,Unknown,N-A,GBR,15 miles East of Lucinda,Discoloured Water,Unknown
407,6-08-2008,Mackay,Ship,Recreational,Coastal Waters,"Abel Point Marina, Airlie Beach",Diesel ,Unknown
408,8-08-2008,Gladstone,Land,N-A,Port,Fishermans Landing,Lube Oil,1
409,13-08-2008,Mackay,Ship,Commercial,Port,"Berth 1, Mackay Harbour",Diesel,10
410,21-08-2008,Brisbane,Ship,Trading,Port,"Bar Cutting, Brisbane",Soot,Unknown
411,2-09-2008,Townsville,Ship,Commercial,Coastal Waters,"Nelly Bay, Magnetic Island",Diesel,300
412,13-09-2008,Gladstone,Unknown,N-A,Port,"Carlo Creek, Tin Can Bay",Diesel,Unknown
413,15-09-2008,Brisbane,Unknown,N-A,Coastal Waters,Mooloolaba Harbour,Sheen,Unknown
414,9-10-2008,Mackay,Unknown,Unknown,Port,Dalrymple Bay Terminal,Sheen,Unknown
415,13-10-2008,Brisbane,Ship,Tanker,Port,"Caltex Products Wharf, Lytton",HFO,100
416,22-10-2008,Mackay,Ship,Recreational,Coastal Waters,"Pioneer Bay, Airlie Beach",Diesel,Unknown
417,24-10-2008,Mackay,Ship,Commercial,Port,"Mackay Marina, Mackay",Diesel,10
418,9-11-2008,Mackay,Ship,Customs,Port,"Mackay Marina, Mackay",Diesel,Unknown
419,17-11-2008,Gladstone,Ship,Recreational,Coastal Waters,"Hervey Bay Boat Harbour, Urangan",Diesel ,Unknown
420,21-11-2008,Mackay,Land,N-A,Port,Dalrymple Bay Terminal,Hydraulic ,Unknown
421,1-12-2008,Gladstone,Ship,Commercial,Port,"E3 Anchorge, Gladstone",Unknown,Unknown
422,1-12-2008,Mackay,Land,N-A,Port,Dalrymple Bay Terminal,Hydraulic ,5
423,10-12-2008,Townsville,Unknown,N-A,Port,"Ross Creek, Townsville",Diesel,Unknown
424,17-12-2008,Brisbane,Ship,Recreational,Coastal Waters,Raby Bay Marina,Diesel,Unknown
425,27-12-2008,Brisbane,Ship,Commercial,Coastal Waters,"Flinders Reef, Moreton Island, SEQ",Diesel,Unknown
426,5-01-2009,Gladstone,Unknown,N-A,Port,"Auckland Creek, Gladstone",Sheen,Unknown
427,5-01-2009,Gladstone,Unknown,N-A,Port,"Town Reach, Burnett River, Bundaberg",Diesel,Unknown
428,26-01-2009,Gold Coast,Ship,Commercial,Coastal Waters,Marina Mirage,Diesel ,Unknown
429,29-01-2009,Cairns,Ship,Trading,Port,Wharf 7-8 Cairns,Sheen,Unknown
430,29-01-2009,Townsville,Land,N-A,Port,Ross Haven slipway Ross River Townsville,Diesel ,50
431,31-01-2009,Brisbane,Ship,Recreational,Port,Dockside Marina Kangaroo Point Brisbane river,Bilge,Unknown
432,1-02-2009,Gladstone,Ship,Commercial,Port,Emperor Street slipway Tin Can Bay,Diesel,Unknown
433,1-02-2009,Gladstone,Ship,Commercial,Port,Burnett River Bundaberg,Diesel,Unknown
434,1-02-2009,Gladstone,Unknown,N-A,Port,Gladstone Marina,Diesel,20
435,3-02-2009,Gladstone,Unknown,N-A,GBR,Capricorn Channel,Unknown,Unknown
436,10-02-2009,Gladstone,Ship,Commercial,Port,North Channel Gladstone Harbour,Diesel,20
437,19-02-2009,Brisbane,Unknown,N-A,Coastal Waters,Wynnum Creek,Sheen,Unknown
438,27-02-2009,Gladstone,Land,N-A,Port,Walby Creek Gladstone,Diesel,1000
439,11-03-2009,Brisbane,Ship,Trading,Territorial sea,Approximatly 7 Nm East Cape Moreton Island,HFO,270
440,4-06-2009,Townsville,Unknown,N-A,GBR,Approximatly 10 Nm South of Palm Island,Discoloured Water ,Unknown
441,8-06-2009,Cairns,Ship,N-A,Port,Endeavour River Cooktown,Diesel,50
442,15-06-2009,Cairns,Ship,Commercial,Coastal Waters,Green Island Jetty,Diesel,200
443,22-06-2009,Cairns,Ship,Fishing,Coastal Waters,Flattery Harbour,Diesel,2000
444,22-06-2009,Townsville,Unknown,N-A,Port,Roos Creek between Reef HQ and marina berths,Diesel,Unknown
445,26-06-2009,Brisbane,Unknown,Commercial,Port,Tangalooma Flyer wharf Holt St Eagle Farm,Sheen,60
446,26-06-2009,Cairns,Land,N-A,Port,Canecutters wharf Innisfail,Oil,Unknown
447,13-07-2009,Mackay,Ship,N-A,Coastal Waters,Outside of Abel Point Marina Pioneer Bay Whitsunday,Lubricating,10
448,15-07-2009,Townsville,Ship,Bulk Carrier,GBR,Inner shipping route from Holborne Is to Palm Is.,Lubricating,200
449,28-07-2009,Cairns,Unknown,N-A,Port,Marlin Marina Cairns,Bilge,35
450,23-08-2009,Gladstone,Unknown,N-A,Port,Mouth of Auckland creek Gladstone Harbour,unknown,Unknown
451,16-09-2009,Brisbane,Unknown,N-A,Port,Brisbane River,Diesel,20
452,18-09-2009,Brisbane,Ship,Commercial,Port,"Fisherman Islands Berth 2, Brisbane",HFO,5
453,27-09-2009,Cairns,Unknown,N-A,Coastal Waters,Clump Point Mission Beach,Sheen,Unknown
454,6-10-2009,Brisbane,Unknown,N-A,Coastal Waters,Wynnum creek,Sheen,Unknown
455,18-10-2009,Mackay,Ship,Commercial,Port,Hay Point,HFO,Unknown
456,23-10-2009,Townsville,Ship,Commercial,Port,Ross river,Hydraulic ,50
457,30-10-2009,Brisbane,Ship,Recreational,Coastal Waters,Weinam creek,Diesel ,50
458,4-12-2009,Townsville,Ship,Commercial,Port,Ross creek,Diesel,2
459,12-12-2009,Cairns,Ship,Commercial,Port,Norman River Karumba,Diesel,Unknown
460,13-12-2009,Brisbane,Unknown,N-A,Coastal Waters,Eastern side of Cleveland Point Moreton Bay,Bilge,Unknown
461,4-01-2010,Gladstone,Unknown,N-A,Port,Auckland creek Gladstone Harbour,Diesel,Unknown
462,5-01-2010,Mackay,Ship,Commercial,Port,Hay Point,HFO,50
463,9-01-2010,Brisbane,Ship,Trading Ship,Port,Fisherman Is Brisbane River,HFO,20
464,18-01-2010,Gladstone,Land,N-A,Coastal Waters,Rosslyn Bay Marina,Engine oil,Unknown
465,20-01-2010,Brisbane,Ship,Recreational,Port,Breakfast creek Brisbane River,Diesel,Unknown
466,2-02-2010,Mackay,Unknown,N-A,Coastal Waters,Shute Harbour Marina,Diesel,Unknown
467,16-02-2010,Brisbane,Unknown,N-A,Port,Tangalooma ferry terminal Brisbane River,unknown,Unknown
468,16-02-2010,Townsville,Unknown,N-A,Port,Ross River ,Sheen,10
469,23-02-2010,Brisbane,Ship,Fishing,Coastal Waters,Mooloolaba Boat Harbour,Diesel,8
470,26-02-2010,Brisbane,Ship,Fishing,Coastal Waters,Tangalooma jetty Moreton Is,Diesel,Unknown
471,18-03-2010,Cairns,Ship,Recreational,Coastal Waters,Yorkeys Knob Marina,Diesel,1000
472,31-03-2010,Brisbane,Ship,Fishing,Coastal Waters,Mooloolaba Boat Harbour,Diesel,Unknown
473,13-04-2010,Gladstone,Unknown,N-A,Port,Gladstone Marina,Diesel ,10
474,14-04-2010,Cairns,Ship,Fishing,Port,Cooktown Harbour,Diesel,20
475,20-04-2010,Gladstone,Ship,Recreational,Port,Mary River Maryborough,Diesel,Unknown
476,21-04-2010,Brisbane,Unknown,N-A,Coastal Waters,Manly Harbour Brisbane,Diesel,Unknown
477,25-04-2010,Brisbane,Ship,Recreational,Coastal Waters,Pacific Harbour Marina Bribie Is,Diesel,Unknown
478,11-05-2010,Townsville,Unknown,N-A,Port,Ross River,Diesel ,Unknown
479,13-05-2010,Cairns,Ship,Commercial,Port,Wharf No. 8 Cairns Port,Diesel,3
480,27-05-2010,Cairns,Ship,Commercial,Port,Masons wharf Cairns Harbour,Diesel,5
481,5-07-2010,Townsville,Unknown,N-A,Port,"Sunferries breakwater terminal, Ross Creek",Diesel,5
482,23-07-2010,Brisbane,Ship,Commercial,Port,"Fisherman Islands Coal Terminal, Brisbane",HFO,30
483,25-07-2010,Brisbane,Unknown,N-A,Coastal Waters,Mooloolaba,Diesel,Unknown
484,28-07-2010,Gladstone,Unknown,N-A,Port,"South Trees West Wharf, Gladstone",Diesel,Unknown
485,13-08-2010,Gladstone ,Land,N-A,Port,"South Trees East Wharf, Gladstone",HFO,100
486,18-08-2010,Townsville,Ship,Recreational,Port,"Breakwater Marina Development site, Townsville",Diesel,300
487,6-09-2010,Brisbane,Land,N-A,Port,"Brisbane River, downstream near CAPR",Diesel,Unknown
488,14-10-2010,Mackay,Ship,Sailling Vessel,Port,Mackay Harbour Entrance,Bilge,Unknown
489,20-10-2010,Brisbale,Unknown,N-A,Port," Pinkenba Reach, Brisbane River",Light Oil,Unknown
490,30-10-2010,Mackay,Unknown,N-A,Coastal Waters,"Blue Bay, Dalphin Pt",Diesel,Unknown
491,2-11-2010,Brisbane,Ship,Recreational,Coastal Waters,"Horizon Shores Marina, Gold Coast",Hydraulic,10
492,7-11-2010,Gladstone,Unknown,N-A,Coastal Waters,"South of India Head, Fraser Island",HFO,Unknown
493,14-11-2010,Cairns,Ship,Commercial,Port,"Meridian Marina, Port Douglas",Diesel ,200
494,18-11-2010,Brisbane,Unknown,N-A,Coastal Waters,"Aquatic Paradise, Moreton Bay",Bilge,Unknown
495,25-11-2010,Brisbane,Ship,Commercial,Port,"John Oxley II Berth, Brisbane River",Hydraulic,20
496,8-12-2010,Cairns,Ship,Commercial,Coastal Waters,Lizard Island,Diesel,120
497,5-01-2011,Cairns,Unknown,N-A,Coastal Waters,"Endeavour River, Cooktown",Diesel,Unknown
498,8-01-2011,Gladstone,Ship,Commercial,Coastal Waters,"China Bay, Curtis Island Gladstone",Hydraulic,10
499,10-01-2011,Gladstone,Ship,Recreational,Coastal Waters,"Garrys Anchorage, Great Sanbds Straits",Petrol,40
500,11-02-2011,Brisbane,Ship,Recreational,Port,"Rivergate Marina, Brisbane River",Diesel,Unknown
501,11-02-2011,Gladstone,Ship,Commercial,Port,"Auckland Pt Wharf, Gladstone Harbour",Diesel,15
502,15-02-2011,Cairns,Unknown,N-A,Coastal Waters,"Smiths Creek, Cairns",Sheen,Unknown
503,15-02-2011,Cairns,Unknown,N-A,Coastal Waters,"Low Isles, north of Cairns",Sheen,Unknown
504,17-02-2011,Brisbane,Ship,Commercial,Port,"Fisherman Islands Berth 3, Brisbane",Hydraulic,Unknown
505,2-03-2011,Cairns,Unknown,N-A,Coastal Waters,"Prince of Wales Island, Torres Strait",Sheen,Unknown
506,4-03-2011,Gladstone,Unknown,N-A,GBR,"10' offshore, 40' south of Bustard Head",HFO,Unknown
507,8-03-2011,Cairns,Ship,Commercial,Coastal Waters,"Great North East, Channel, Torres Straits",HFO,300
508,15-03-2011,Cairns,Unknown,N-A,Coastal Waters,"Trawler Base, Smiths Creek, Cairns",Vegetable,20
509,19-03-2011,Brisbane,Unknown,N-A,Coastal Waters,Mooloolaba Boat Harbour,Diesel,Unknown
510,26-03-2011,Brisbane,Land,N-A,Port,Brisbane River Eagle Farm drain,Tallow ,Unknown
511,28-03-2011,Brisbane,Ship,Fishing,Coastal Waters,Scarbough Boat Harbour,Diesel,Unknown
512,30-03-2011,Brisbane ,Ship,Commercial,Coastal Waters,"Toondah Harbour Ferriy Terminal, Cleveland",Diesel,Unknown
513,6-04-2011,Townsville,Land,N-A,Port,Port of Townsville Sugar Terminal,Diesel,50
514,9-04-2011,Brisbane,Unknown,N-A,Coastal Waters,"North West Channel Bribie Island, Moreton Bay",Sheen,Unknown
515,11-04-2011,Gladstone,Ship,Commercial,Port,North China Bay construction dock Gladstone Harbour,Hydraulic,20
516,19-04-2011,Townsville,Truck in water,N-A,Coastal Waters,"Palm Island Jetty, Palm Island",Diesel,Unknown
517,7-05-2011,Brisbane,Ship,Recreational,Coastal Waters,"Tangalooma Wrecks, Moretion Island",Diesel,Unknown
518,22-05-2011,Mackay,Unknown,N-A,Port,"A Arm, Mackay Marina",Diesel,3
519,12-06-2011,Mackay,Ship,Commercial,Port,"Dalyrymple Bay Coal Terminal, Berth 4",Bilge,Unknown
520,20-06-2011,Mackay,Ship,Commercial,Port,Mackay Harbour Berth 3,Hydraulic,4
521,21-06-2011,Cairns,Ship,N-A,Coastal Waters,"Evans Landing Wharf, Weipa",Diesel,10
522,7-07-2011,Mackay,Ship,Commercial,Port,Hay Point Berth 3 (Dredge Site),Hydraulic ,2
523,10-07-2011,Mackay,Ship,Commercial,Port,Hay Point Berth 3 (Dredge Site),Hydraulic ,2
524,13-07-2011,Gladstone,Unknown,Unknown,Port,"Between Q4 and Q6 beacon's in Quion Ccannel, Gladstone",Sheen,Unknown
525,14-07-2011,Gladstone,Ship,Commercial,Port,"LNG Maritime Offload Facility Curtis Island, Gladstone.",Hydraulic ,20
526,23-07-2011,Gladstone,Unknown,Unknown,Port,Fishermans Landing (Bechtel Barge Ramp) Gladstone, Hydraulic ,5
527,10-08-2011,Mackay,Unknown,Unknown,Port,"Sand Bay, south of Cape Hillsborough and Belmunda areas",Lubricating ,Unknown
528,14-08-2011,Townsville,Ship,Commercial,Port,"Augustus Creek, Nelly Bay, Magnetic Island, Townsville",Diesel ,600
529,16-08-2011,Gladstone,Ship,Commercial,Port,"North Passage Island, Gladstone",Engine ,10
530,16-08-2011,Mackay,Ship,Recreational,Port,"Wharf at Pioneer River, Mackay",Diesel ,Unknown
531,19-08-2011,Cairns,Unknown,Trading,Coastal Waters,"10 nautical miles south of Urqhardt Point, Weipa",HFO,Unknown
532,7-09-2011,Cairns,Unknown,Unknown,Port,Endeovour River Cooktown Harbour,Diesel,Unknown
533,12-09-2011,Mackay,Ship,Commercial,Port,Hay Point Berth 1 (Dredge Site),Hydraulic ,2
534,29-09-2011,Brisbane,Land,N-A,Port,"Eagle St Pier to Stanford Hotel, Town Reach Brisbane River",Diesel,Unknown
535,30-09-2011,Gladstone,Ship,Commercial,Port,Burnett River Bundaberg,Diesel,Unknown
536,10-10-2011,Townsville,Ship,Fishing,Port,"Ross Haven Marina, Ross River Townsville",Bilge,Unknown
537,14-10-2011,Cairns ,Land,N-A,Coastal Waters,Evans Landing Wharf Weipa,Hydraulic ,Unknown
538,14-10-2011,Gladstone,Ship,Commercial,Port,North Passage Isl Up stream of Fishermans Landing,Hydraulic ,200
539,23-10-2011,Cairns,Ship,Commercial,Coastal Waters,Vacinity of Howick Island Group (FNQ),Diesel,400
540,28-10-2011,Brisbane,Ship,Commercial,Port,Scarborough Marina (Morgans Seafood),Bilge,Unknown
541,31-10-2011,Gladstone,Land,N-A,Port,GLNG MOF Pioneer Barge Ramp south of China Bay Curtis Island,Coolant,50
542,2-11-2011,Gladstone,Land,N-A,Port,GLNG MOF south of China Bay Curtis Island,Hydraulic ,Unknown
543,21-11-2011,Gladstone,Ship,Commercial,Port,"North Passage, China Bay",Hydraulic ,50
544,23-11-2011,Brisbane,Unknown,Unknown,Port,"28 Anchorage Drive, Cleveland (canal behind residence)",Sheen,Unknown
545,28-11-2011,Mackay,Ship,Fishing,Port,"Pioneer River, Mackay (Fish supplies Jetty)",Diesel,Unknown
546,4-12-2011,Brisbane,Ship,Commercial,Port,"Brisbane Roads Anchorage, Moreton Bay",Diesel,2
547,7-12-2011,Brisbane ,Ship,Commercial,Port,"Cairnscross Wharf, Brisbane River",Diesel,20
548,8-12-2011,Mackay,Ship,Commercial,Port,Mackay Harbour - Southern end of Sugar Wharf,Diesel,1
549,9-12-2011,Brisbane,Unknown,Unknown,Port,"Pelican Slipway, Moreton Bay",Sheen,Unknown
550,12-12-2011,Gladstone,Ship,Commercial,Port,North Passage Island Channel,Hydraulic ,10
551,20-12-2011,Townsville,Ship,Recreational,Port,Ross Creek Boat Ramp pontoon,Sheen,3
552,22-12-2011,Mackay,Ship,Commercial,Coastal Waters,"East Dimond Inlet, Mackay",Sheen,Unknown
553,25-12-2011,Gladstone,Ship,Commercial,Port,Curtis Island side of Passage Island Channel - adjacent to North Passage Island,Hydraulic,10
554,19-01-2012,Mackay,Ship,Commercial,Port,Hay Point Expansion ,Hydraulic ,1
555,23-01-2012,Brisbane,Ship,Trading,Port,"Hamilton berth 4, Brisbane River",HFO,3000
556,6-02-2012,Mackay,Land,N-A,Port,Tug Harbour Hay Point,Sheen,Unknown
557,15-02-2012,Mackay,Ship,Commercial,Port,"Lease D, Hay Point",Hydraulic,1
558,1-03-2012,Gladstone,Ship,Recreational,Port,"Boat Club Marina, Urangan Boat Harbout, Hervey Bay",Diesel,Unknown
559,5-03-2012,Mackay,Ship,Commercial,Port,"Hay Point Expansion, HPE3",Sheen,2
560,9-03-2012,Mackay,Ship,Commercial,Port,Hay Point Expansion Zone.,Sheen,Unknown
561,14-03-2012,Gold Coast,Ship,Recreational,Port,Horizon Shores Marina Gold Coast,Diesel,Unknown
562,23-03-2012,Cairns,Unknown,Unknown,Port,Tropical Reef slipway. Past Cairns slipway . Smiths Creek,Diesel,Unknown
563,28-03-2012,Gladstone,Ship,Recreational,Port,Curtis Island side of Passage Island Channel - adjacent to North Passage Island,Hydraulic,Unknown
564,8-04-2012,Townsville,Ship,Commercial,Port,Berth 4 at Bulk Sugar Wharf Townsville,Diesel,2000
565,17-04-2012,Brisbane,Ship,Commercial,Port,Mooloolah River Mouth,Hydraulic,1
566,18-04-2012,Brisbane,Ship,Commercial,Port,"Maritime Solutions Slipway, Hamilton Reach, Brisbane River",Hydraulic ,4
567,24-04-2012,Brisbane,Unknown,Unknown,Port,"Seen from Aircraft, East of Redcliffe",Unknown,Unknown
568,30-04-2012,Gladstone,Ship,Commercial,Port,"Jacobs Channel, Curtis Island",Sheen,Unknown
569,30-04-2012,Mackay,Ship,Commercial,Port,Hay Point Expansion HPX3,Hydraulic ,15
570,3-05-2012,Brisbane,Land,N-A,Port,"Shell Service Station, 94 Breakfast Creek Road, Newstead", Petrol,2500
571,10-05-2012,Mackay,Unknown,Unknown,Port,Hay Point Half Tide Tug Harbour,Paint,1
572,15-05-2012,Townsville,Ship,Fishing,Port,Anchorage off Dalrymple Bay Bowen,Diesel,Unknown
573,24-05-2012,Gladstone,Ship,Commercial,Port,Curtis Island QCLNG Project: Off Load facility,Hydraulic ,2
574,2-06-2012,Gladstone,Ship,Commercial,Port,Curtis Island GLNG Marine Offload Facility,Hydraulic ,20
575,3-06-2012,Gladstone,Ship,Commercial,Port,RG Tanna Loadout Facility,Diesel,1
576,6-06-2012,Cairns,Ship,Commercial,Coastal Waters,Fitzroy Island Wharf,Diesel,100
577,13-06-2012,Gladstone,Ship,Commercial,Port,South China Bay,Hydraulic ,Unknown
578,29-06-2012,Townsville,Land,N-A,Port,BP bitumen plant Townsville Port,Heating ,3000
579,8-07-2012,Gladstone,Ship,Recreational,Port limits,Great Sandy Strait Marina Urangan,Bilge,2
580,10-07-2012,Brisbane,Unknown,Unknown,Coastal waters,Wurtulla beach Caloundra,HFO,Unknown
581,12-07-2012,Brisbane,Unknown,Unknown,Port limits,Aquarium Passage - Doboy Creek - Brisbane River,Diesel,20
582,12-07-2012,Townsville,Land,Unknown,Coastal waters,Lucinda Wharf,Diesel,5
583,14-07-2012,Gladstone,Unknown,Unknown,Port Limits,Fishermans Landing,Diesel,100
584,18-07-2012,Brisbane,Unknown,Unknown,Coastal waters,Scarborough Marina,Diesel,Unknown
585,21-07-2012,Gladstone,Unknown,Unknown,Coastal waters,Roslyn Bay Boat Harbour Entrance,Carbon from diesel engine,Unknown
586,23-07-2012,Hay Point,Ship,Commercial,Coastal waters,Hay Point Tug Harbour,Hydraulic Fluid,2
587,23-07-2012,Townsville,Unknown,Unknown,Coastal waters,"Enterprise Channel, Dungerness, Lucina",Diesel,50
588,27-07-2012,Townsville,Unknown,Unknown,Port limits,Ross Creek,Diesel,Unknown
589,2-08-2012,Gladstone,Ship,Commercial,Port limits,Behind Clinton wharf,Hydraulic Fluid,2
590,4-08-2012,Townsville,Unknown,Unknown,Port limits,Ross Creek near Townsville Yacht Club Marina,Diesel,Unknown
591,5-08-2012,Gladstone,Ship,Commercial,Port limits,North Passage Isl Gladstone Harbour,Hydraulic Fluid,5
592,13-08-2012,Gladstone,Ship,Commercial,Port limits,Middle Bank Quoin Anchorage,N-A,Unknown
593,14-08-2012,Brisbane,Unknown,Unknown,Coastal waters,Scarborough Marina,Diesel,20
594,17-08-2012,Cairns,Unknown,Unknown,Coastal waters,Weipa Anchorage area,HFO,Unknown
595,19-08-2012,Brisbane,Land,Unknown,Port limits,Brisbane River Hamilton wharfs,Palm acid oil,3000
596,21-08-2012,Brisbane,Unknown,Unknown,Coastal waters,Manly Boat Harbour,Sheen,Unknown
597,4-09-2012,Gladstone,Ship,Commercial,Port limits,Gladstone Harbour,Bilge,10
598,5-09-2012,Brisbane,Ship,Commercial,Port limits,Fisherman Island berth 9,Sheen,Unknown
599,11-09-2012,Townsville,Ship,Commercial,Port limits,Berth 10 Townsville Harbour,Hydraulic Fluid,2
600,16-09-2012,Mackay,Ship,Trading Ship,Port limits,Hay Point berth 3,Hydraulic Fluid,2
601,17-09-2012,Mackay,Ship,Commercial,Port limits,Mackay Boat Harbour,Diesel,1
602,1-10-2012,Gladstone,Unknown,Unknown,Coastal waters,Snapper Creek Tin Can Bay,Bilge,Unknown
603,5-10-2012,Mackay,Ship,Commercial,Coastal waters,Shute Harbour,Diesel,5
604,5-10-2012,Townsville,Ship,Commercial,Port limits,Berth 10 Townsville Harbour,Hydraulic Fluid,5
605,13-10-2012,Cairns,Ship,Commercial,Port limits,Trinity Wharf,Diesel,100
606,14-10-2012,Gladstone,Ship,Commercial,Port limits,Clinton Wharf,Hydraulic Fluid,10
607,15-10-2012,Gladstone,Land,N-A,Port limits,GLNG MOF Gladstone Harbour,sodium Hypochlorite,100
608,15-10-2012,Townsville,Ship,Commercial,Port limits,Berth 10 Townsville Harbour,Hydraulic Fluid,5
609,19-10-2012,Cairns,Unknown,Unknown,Port limits,Cairns fishman's base Smiths Creek,Bilge,20
610,19-10-2012,Mackay,Ship,Commercial,Coastal waters,Hay Point berth 3,Hydraulic Fluid,1
611,20-10-2012,Townsville,Ship,Commercial,Port limits,Berth 9,Sulphur,2000
612,22-10-2012,Gladstone,Ship,Commercial,Port limits,Sth Passage Island,Sewage & grey water,1500
613,24-10-2012,Brisbane,Ship,Recreational,Coastal waters,Raby bay,Unknown,Unknown
614,27-10-2012,Cairns,Ship,Unknown,Coastal waters,Gallon Reef,Unknown,Unknown
615,30-10-2012,Townsville,Ship,Commercial,Port limits,Berth 10 Townsville Harbour,Hydraulic Fluid,50
616,30-10-2012,Townsville,Ship,Commercial,Port limits,Berth 10 Townsville Harbour,Unknown,1
617,1-11-2012,Brisbane,Land,N-A,Coastal waters,Jabiru canal Newport,Sheen,Unknown
618,2-11-2012,Townsville,Ship,Commercial,Port limits,Berth 10 Townsville Harbour,Hydraulic Fluid,2
619,3-11-2012,Brisbane,Land,Unknown,Coastal waters,Tripcony Creek Golden Beach,Unknown,Unknown
620,9-11-2012,Brisbane,Ship,Recreational,Coastal waters,East Coast Marina Manly,Diesel,200
621,10-11-2012,Gladstone,Ship,Fishing,Port limits,Fishermans finger Gladstone Harbour,Diesel,30
622,12-11-2012,Mackay,Ship,N-A,Coastal waters,Black Island,Engine oil,10
623,21-11-2012,Cairns,Ship,Recreational,Coastal waters,Johnstone River Innisfail,Diesel,Unknown
624,22-11-2012,Gladstone,Unknown,Unknown,Port limits,Snapper Creek Tin Can Bay,Sheen,5
625,24-11-2012,Gladstone,Ship,Commercial,Port limits,China bay Curtis Island,Hydraulic Fluid,1
626,26-11-2012,Gladstone,Ship,Commercial,GBRMP,22Nm north of Sandy Cape,Ground food waste 1890 Kg,Unknown
627,1-12-2012,Mackay,Ship,Recreational,Port limits,Mackay Marina ,Diesel,20
628,15-12-2012,Townsville,Ship,Commercial,Port limits,Horseshoe Bay Magnetic Island,Hydraulic Fluid,10
629,16-12-2012,Cairns,Ship,N-A,Coastal waters,1Nm w Scardon River,Diesel,Unknown
630,1-01-2013,Brisbane,Unknown,N-A,Coastal waters,Mooloolah River Fisheries wharf,Diesel,Unknown
631,2-01-2013,Gladstone,Unknown,N-A,GBRMP,East of Bunker group,Sheen,Unknown
632,2-01-2013,Townsville,Ship,Recreational,Port limits,Townsville Breakwater anchorage,Sheen,Unknown
633,14-01-2013,Brisbane,Ship,Recreational,Coastal waters,"Dockside Marina, Brisbane River",Diesel,Unknown
634,17-01-2013,Cairns,Ship,Commercial,Port limits,"Trinity, Inlet Cairns",Diesel,20
635,22-01-2013,Cairns,Ship,Unknown,Port limits,"Marlin Marina, Cairns",Diesel,20
636,4-02-2013,Townsville,Unknown,N-A,Coastal waters,"Nelly Bay, Magnetic Island",Diesel,10
637,12-02-2013,Mackay,Ship,Commercial,Port limits,Hay Point,Hydraulic Fluid,0.5
638,21-02-2013,Cairns,Unknown,N-A,Port limits,"Smiths Creek, Cairns",Sheen,Unknown
639,21-02-2013,Cairns,Unknown,N-A,Port limits,"Smiths Creek, Cairns",Sheen,
640,22-02-2013,Mackay,Ship,Recreational,Coastal waters,Abel Point Marina,Diesel,15
641,24-02-2013,Gladstone,Land,N-A,Coastal waters,Rosslyn Bay Boat Harbour,Diesel,15
642,28-02-2013,Townsville,Ship,Commercial,Port limits,Townsville BERTH 10,Hydraulic Fluid,3
643,11-03-2013,Cairns,Land,N-A,Port limits,"Thursday Island, storm drain",Cooking oil,5
644,11-03-2013,Gladstone,Ship,Fishing,Coastal waters,Three Rocks south of Cape Manifold,Diesel,Unknown
645,14-03-2013,Cairns,Ship,Fishing,Port limits,"Trinity Inlet, Cairns",Hydraulic Fluid,1
646,14-03-2013,Gladstone,Land,N-A,Port limits,Gladstone Curtis LNG,Hydraulic Fluid,25
647,15-03-2013,Cairns,Ship,Commercial,Port limits,"Trinity Inlet, Cairns",Chemical (AFLCO),10
648,22-03-2013,Gladstone,Unknown,Unknown,Coastal waters,"Ross Creek, Yeppoon",Diesel,10
649,4-04-2013,Townsville,Ship,Commercial,Port limits,"Townsville Port, Berth 8",Hydraulic Fluid,5
650,6-04-2013,Townsville,Ship,Commercial,Port limits,Townsville Port,Hydraulic Fluid,3
651,10-04-2013,Gladstone,Ship,Recreational,Port limits,Tin Can Bay Marina,Diesel,0.3
652,11-04-2013,Cairns,Ship,Trading Ship,Port limits,"Trinity Inlet, Cairns",Hydraulic Fluid,1
653,11-04-2013,Gladstone,Land,N-A,Port limits,Curtis LNG,Hydraulic Fluid,1
654,18-04-2013,Gladstone,Land,N-A,Port limits,Curtis LNG,Hydraulic Fluid,0.1
655,27-04-2013,Brisbane,Ship,Commercial,Port limits,Brisbane Cruise Ship Terminal,Hydraulic Fluid,0.1
656,4-05-2013,Townsville,Ship,Commercial,Port limits,Port of Townsville ,Hydraulic Fluid,1
657,12-05-2013,Gladstone,Ship,Commercial,Port limits,Gladstone Harbour,Diesel,0.3
658,14-05-2013,Gladstone,Ship,Commercial,Port limits,Gladstone Harbour,Hydraulic Fluid,0.1
659,23-05-2013,Townsville,Ship,Commercial,Port limits,Townsville Port,Diesel,10
660,28-05-2013,Townsville,Ship,Commercial,Port limits,Townsville Port,Hydraulic Fluid,0.5
661,3-06-2013,Townsville,Ship,Commercial,Port limits,Townsville Port,Hydraulic Fluid,30
662,4-06-2013,Townsville,Ship,Commercial,Port limits,Townsville Port,Hydraulic Fluid,10
663,6-06-2013,Gladstone,Ship,Fishing,GBRMP,Lady Elliot Island,Diesel,Unknown
664,7-06-2013,Brisbane,Ship,Unknown,Coastal waters,"Rainbow Channel, Moreton Bay",Diesel,Unknown
665,10-06-2013,Gladstone,Land,N-A,Port limits,Curtis GLNG Project,Lanolin,1
666,10-06-2013,Townsville,Ship,Recreational,GBRMP,Magnetic Island Marina,Diesel,Unknown
667,18-06-2013,Cairns,Ship,Recreational,Coastal waters,"Meriden Marina and Dickson Inlet, Port Douglas",Diesel,Unknown
668,20-06-2013,Gladstone,Ship,Commercial,Port limits,Passage Island Channel Gladstone Harbour,Diesel,
669,20-06-2013,Gladstone,Ship,Commercial,Port limits,Wiggins Island Coal Terminal,Hydraulic Fluid,1
670,20-06-2013,Gladstone,Ship,Commercial,Port limits,Passage Island Channel Gladstone Harbour,Diesel,Unknown
671,21-06-2013,Cairns,Ship,Commercial,GBRMP,Frankland Islands,Diesel,50
672,30-06-2013,Brisbane,Land,N-A,Coastal waters,"Cabbage Tree Creek, Moreton bay",Diesel,Unknown
673,30-06-2013,Cairns,Unknown,N-A,Port limits,Cairns Cruising Yacht Club,Paint,Unknown
674,1-07-2013,Gladstone,Unknown,N-A,Port Limits,Gladstone Marina,Diesel,20
675,1-07-2013,Gladstone,Ship,Commercial,Port Limits,"QC4 Curtis Island, Offloading Ramp, Gladstone",Other (Hydraulic Oil),10
676,6-07-2013,Gladstone,Land,N-A,Port Limits,"Wiggins Island Coal Terminal, Gladstone",Sheen,Unknown
677,12-07-2013,Townsville,Unknown,N-A,Port Limits,"Ross Creek Berth 10, Townsville",Diesel,10
678,20-07-2013,Gladstone,Ship,Commercial,Port Limits,"Boyne Smelter Whalf, Gladstone Harbour, Gladstone",Other (Calcined Petroleum Coke),Unknown
679,22-07-2013,Townsville,Ship,N-A,Port Limits,"Harbour Marine Precinct, Townsville",Diesel,20
680,23-07-2013,Mackay,Ship,Recreational,Coastal Waters,"Airlie Beach Marina, Airlie Beach",Sheen,Unknown
681,25-07-2013,Brisbane,Unknown,N-A,Coastal Waters,Manly Boat Harbour,Diesel,10
682,26-07-2013,Brisbane,Ship,Fishing,Port Limits,"Raptis Fish Market, Brisbane River",Sheen,Unknown
683,28-07-2013,Brisbane,Unknown,N-A,Port Limits,"Fisherman Islands 11 and 12, Brisbane River",Other,Unknown
684,29-07-2013,Townsville,Ship,Commercial,Coastal Waters,"Boat Ramp, Palm Island",Other (Hydraulic Oil),3
685,2-08-2013,Gladstone,Ship,Recreational,Port Limits,"Urangan Harbour, Great Sandy Strait Marina, Hervey Bay",Sheen,Unknown
686,4-08-2013,Cairns,Unknown,N-A,Port Limits,"Marlin Marina, Cairns",Diesel,10
687,10-08-2013,Gladstone,Ship,Commercial,Port Limits,"Passage Island Channel, Gladstone",Other (Hydraulic Oil),10
688,8-09-2013,Cairns,Land,N-A,Port Limits,"Main Wharf, Thursday Island",Diesel,20
689,27-09-2013,Brisbane,Land,N-A,Coastal Waters,"Upstream end of Hamilton Reach, Brisbane River",Diesel,Unknown
690,27-09-2013,Gladstone,Ship,Recreational,Coastal Waters,"South Break wall, Rosslyn Bay Boat Ramp",Diesel,Unknown
691,27-09-2013,Gladstone,Unknown,N-A,Port Limits,"Sandy Strait Marina, Harvey Bay",Other,Unknown
692,3-10-2013,Cairns,Ship,Commercial,Coastal Waters,4 N-M SSE of cape Tribulation,Diesel,14000
693,11-10-2013,Brisbane,Unknown,Unknown,Coastal Waters,"Albatross Canal, Scarbourgh",Sheen,Unknown
694,19-10-2013,Mackay,Ship,Recreational,Port Limits,Mackay Marina ,Other (Lube Oil),3
695,23-10-2013,Gladstone,Ship,Commercial,Port Limits,Port of Bundaberg,Other (Hydraulic Oil),50
696,6-11-2013,Mackay,Ship,Recreational,Coastal Waters,"Abell Point Marina, Airlie Beach",Diesel,10
697,9-11-2013,Gladstone,Ship,Commercial,Port Limits,"Jetty at old slip way, Mary River",Diesel,40
698,11-11-2013,Gladstone,Unknown,N-A,Port Limits,"Between Flin RORO and small craft Anchorage, Gladstone",Diesel,Unknown
699,12-11-2013,Cairns,Ship,Commercial,Port Limits,HMAS Cairns Navy Base,Bilge,10
700,12-11-2013,Cairns,Ship,Commercial,Port Limits,"Tropical Reef Shipyards, Cairns",Diesel,2
701,13-11-2013,Gladstone,Ship,Fishing,Port Limits,"Entrance to Teebar Creek, Tin Can Bay",Diesel,Unknown
702,14-11-2013,Cairns,Ship,Fishing,Coastal Waters,"Dicksons Inlet, Port Douglas",Other (Gearbox oil),Unknown
703,15-11-2013,Cairns,Unknown,N-A,Port Limits,"Marlin Marina, Cairns",Diesel,10
704,21-11-2013,Cairns,Ship,Recreational,Coastal Waters,Between Cape Tribulation and Snapper Island,Diesel,Unknown
705,25-11-2013,Townsville,Ship,Recreational,Port Limits,"Nelly Bay Harbour, D Arm in Marina, Magnetic Island",Diesel,2
706,25-11-2013,Cairns,Unknown,N-A,Port Limits,"Smiths Creek, Trinity Inlet, Cairns",Sheen,Unknown
707,3-12-2013,Mackay,Ship,Fishing,Coastal Waters,"Mackay reef supplies wharf, Pioneer River",Diesel,300
708,5-12-2013,Townsville,Land,N-A,Port Limits,"Ross River, Townsville",HFO,100
709,9-12-2013,Mackay,Ship,Commercial,Coastal Waters,"Abell Point Marina, Airlie Beach",Bilge,5
710,10-12-2013,Brisbane,Unknown,N-A,Coastal Waters,"Cabbage Tree Creek, Brisbane",Diesel,Unknown
711,8-01-2014,Cairns,Land,N-A,Port Limits,"Endeavour River, Cooktown",Diesel,Unknown
712,9-01-2014,Gladstone,Ship,Unknown,Port Limits,Trawler pens in Tin Can Bay Marina,Bilge,Unknown
713,16-01-2014,Cairns,Unknown,N-A,Port Limits,"Endeavour River, Cooktown",Diesel,Unknown
714,20-01-2014,Gladstone,Unknown,N-A,Port Limits,"Mouth of the Calliope River, Gladstone",Sheen,Unknown
715,21-01-2014,Gladstone,Unknown,N-A,Port Limits,"Mouth of the Calliope River, Gladstone",Sheen,Unknown
716,22-01-2014,Townsville,Ship,Commercial,Port Limits,"Berth 1 and swing basin, Townsville",Other (Carbon Soot),Unknown
717,24-01-2014,Brisbane,Land,N-A,Port Limits,"Shell Tank Farm, Pinkenba, Brisbane",Other (Bitumen),Unknown
718,29-01-2014,Brisbane,Ship,Recreational,Coastal Waters,"Versace Marina, The Spit, Main Beach, Goldcoast",Diesel,2000
719,30-01-2014,Cairns,Ship,Unknown,Coastal Waters,"Cooya Beach boat ramp, Cairns",Diesel,Unknown
720,5-02-2014,Cairns,Ship,Fishing,Port Limits,"Fisherman's Base 2, Cairns",Bilge,10
721,14-02-2014,Cairns,Ship,Recreational,Port Limits,"F Finger, Marlin Marina, Cairns",Other,Unknown
722,18-02-2014,Cairns,Unknown,N-A,Port Limits,"Trinity Park Beach, Cairns",Other (Tar Balls),Unknown
723,19-02-2014,Cairns,Unknown,N-A,Port Limits,"Norship Slipway, Tingira St, Portsmith, Cairns",Sheen,Unknown
724,5-03-2014,Gladstone,Ship,Commercial,Port Limits,"Laird Point Boat Ramp, Gladstone",Diesel,20
725,8-03-2014,Cairns,Ship,Fishing,Port Limits,"Town Reach, Norman Creek, Karumba",Diesel,20
726,11-03-2014,Cairns,Land,N-A,Port Limits,"Marlin Marina, Trinity Inlet, Cairns",Diesel,Unknown
727,12-03-2014,Cairns,Unknown,N-A,Coastal Waters,"South Johnstone river near coronation St, Innisfale",Sheen,Unknown
728,14-03-2014,Cairns,Ship,Unknown,Coastal Waters,Port Douglas Marina,Bilge,Unknown
729,14-03-2014,Cairns,Unknown,N-A,Port Limits,Mourilyan Harbour,Sheen,Unknown
730,31-03-2014,Brisbane,Ship,Commercial,Coastal Waters,"Mulloka Canel East, Minyama",Other (Hydraulic Oil),Unknown
731,1-04-2014,Brisbane,Ship,Commercial,Coastal Waters,"Runaway Bay Marina, Gold Coast",Bilge,4
732,4-04-2014,Townsville,Unknown,N-A,Port Limits,"Berth 4, Port of Townsville",Other (Stock feed),30
733,6-04-2014,Townsville,Ship,Commercial,Port Limits,"Duck Pond, Townsville",Diesel,50
734,22-04-2014,Brisbane,Ship,Commercial,Port Limits,"Brisbane Marine Industrial Park, Brisbane",Diesel,20
735,22-04-2014,Cairns,Unknown,N-A,Coastal Waters,"Johnstone River, Commercial Wharf, Innisfail",Sheen,Unknown
736,23-04-2014,Cairns,Unknown,N-A,Port Limits,"Cairns fishing marina and wharf, Cairns",Sheen,Unknown
737,28-04-2014,Brisbane,Ship,Recreational,Coastal Waters,"Hope Island Resort Marina, Gold Coast",Sheen,1
738,4-05-2014,Cairns,Ship,Commercial,GBRMP,"Cowley Beach Defence Training Area, Cowley Beach",Other (Hydraulic Oil),250
739,21-05-2014,Cairns,Unknown,N-A,Port Limits,"Marlin Marina, Cairns",Bilge,Unknown
740,23-05-2014,Mackay,Ship,Fishing,Port Limits,"Mackay Marina, Commercial Fishing Wharf",Bilge,Unknown
741,30-05-2014,Gladstone,Unknown,N-A,Port Limits,"Transit Systems Berths, Gladstone Marina, Gladstone",Diesel,10
742,2-06-2014,Brisbane,Unknown,N-A,Port Limits,"Luggage Point dredge pump out moornig, Brisbane River",Other (Hydraulic Oil),10
743,6-06-2014,Cairns,Ship,Commercial,Port Limits,"Wharf number 8, Cairns Harbour",Other (Hydraulic Oil),30
744,10-06-2014,Gladstone,Land,N-A,Port Limits,"WICET Project site, Gladstone",Other (Hydraulic Oil),1
745,11-06-2014,Gladstone,Unknown,N-A,Coastal Waters,Lady Elliott Island,Other (Tar Balls),Unknown
746,4-07-2014,Cairns,Ship,Commercial,Port Limits,"Main Wharf, Thursday Island",Diesel,1
747,8-07-2014,Cairns,Unknown,N-A,Port Limits,"Fishing Base 2, Cairns",Diesel,20
748,14-07-2014,Cairns,Ship,Commercial,Port Limits,"Wharf number 4, Trinity Wharf, Cairns",Other (Paint),4
749,16-07-2014,Gladstone,Ship,Fishing,Coastal Waters,Between Great Keppel Island and Barren Island,Diesel,Unknown
750,18-07-2014,Brisbane,Land,N-A,Port Limits,"Fisherman Islands Berth Number 3, Brisbane",Diesel,20
751,18-07-2014,Brisbane,Unknown,N-A,Coastal Waters,"Raby Bay, behind 38 Compass Court, Cleveland",Hydraulic Oil,100
752,18-07-2014,Gladstone,Ship,Commercial,Port Limits,"Curtis Ferry Services pontoon, Gladstone Marina",Diesel,150
753,22-07-2014,Cairns,Ship,Defence,Port Limits,"Cairns Naval Base, Cairns",Hydraulic Oil,10
754,1-08-2014,Townsville,Unknown,N-A,Port Limits,Opposite the Townsville Yacht Club in Ross Creek,Sheen,Unknown
755,16-08-2014,Bundaberg,Unknown,N-A,Port Limits,"Downstream of Tin Can Bay Marina, Tin Can Bay",Diesel,Unknown
756,21-08-2014,Brisbane,Unknown,N-A,Coastal Waters,"Entrance Toondah Harbour, Cleveland",Other (Emulsion),20
757,22-08-2014,Bundaberg,Unknown,N-A,Port Limits,"Tin Can Bay Marina, Tin Can Bay",Diesel,Unknown
758,31-08-2014,Cairns,Ship,Commercial,Port Limits,"Thursday Island Harbour, Port Kennedy, Torres Strait",Diesel,10
759,4-09-2014,Bundaberg,Ship,Recreational,Port Limits,"Tin Can Bay Marina, Tin can Bay",Diesel,Unknown
760,9-09-2014,Gladstone,Land,N-A,Port Limits,"Wiggins Island Coal Export Terminal (WICKET), Gladstone",Other (Panolin),1
761,15-09-2014,Mackay,Ship,Commercial,Port Limits,"Cruise Whitsunday Fuel Dock, Port of Airlie, Airlie Beach",Diesel,1
762,19-09-2014,Gladstone,Ship,Commercial,Coastal Waters,"Heron Island, Great Barrier Reef",Diesel,1
763,21-09-2014,Cairns,Ship,Commercial,Coastal Waters,"Badu Island Barge Ramp, Torres Strait",Diesel,1
764,24-09-2014,Cairns,Ship,Commercial,Port Limits,"Rebel Marine Wharf, Thursday Island, Torres Strait",Diesel,1
765,26-09-2014,Bundaberg,Ship,Recreational,Port Limits,"Susan River, between Maryborough and Hervey Bay",Hydraulic Oil,25
766,15-11-2014,Cairns,Ship,Recreational,Port Limits,"Half Moon Bay Marina, Yorkeys Knob, Cairns",Diesel,Unknown
767,15-11-2014,Mackay,Ship,Recreational,Coastal Waters,"Whitehaven Beach, 1nm south of Hill Inlet",Bilge,Unknown
768,21-11-2014,Cairns,Unknown,N-A,Port Limits,"H Finger, Marlin Marina, Cairns",Diesel,Unknown
769,23-11-2014,Brisbane,Ship,Recreational,Coastal Waters,"Peel Island, South West Rocks, Moreton Bay",Diesel,Unknown
770,28-11-2014,Gladstone,Ship,Commercial,Port Limits,"Fishermans Landing, Gladstone Harbour, Gladstone",Grease ,100
771,7-01-2015,Cairns,Ship,Recreational,Port Limits,"150m from Horn Island Passenger Wharf, Torres Strait",Diesel,Unknown
772,8-01-2015,Brisbane,Ship,Recreational,Coastal Waters,"Hope Island Resort Marina, Hope Island, Gold Coast",Diesel,5
773,24-01-2015,Gladstone,Unknown,N-A,GBRMP,Capricorn Channel,Unknown,Unknown
774,25-02-2015,Cairns,Land,N-A,Port Limits,"Commercial Fish base number 2, Trinity Inlet, Cairns",Sheen,Unknown
775,11-03-2015,Brisbane,Unknown,N-A,Coastal Waters,"Rivage Royale Marina, Southport",Sheen,Unknown
776,14-03-2015,Cairns,Ship,Commercial,Port Limits,"Main wharf, Thursday Island, Port Kennedy, Torres Strait",Diesel,2
777,15-03-2015,Cairns,Land,N-A,Port Limits,"Engineers Wharf, Port Kennedy, Thursday Island, Torres Strait",Diesel,Unknown
778,27-03-2015,Cairns,Ship,Fishing,Port Limits,"Norship BR1, Smith's Creek, Cairns",Diesel,Unknown
779,27-03-2015,Brisbane,Ship,Recreational,Coastal Waters,"Dockside Marine, Kangaroo Point, Brisbane",Sheen,Unknown
780,28-03-2015,Mackay,Unknown,N-A,Port Limits,"Hay Point Berth Number 1, Hay Point",Sheen,Unknown
781,30-03-2015,Cairns,Unknown,N-A,Port Limits,"Commercial Fishing Base 1, Smiths Creek, Cairns",Diesel,Unknown
782,3-04-2015,Brisbane,Ship,Recreational,Coastal Waters,"Marine Stadium, Broadwater, Gold Coast",Diesel,Unknown
783,24-04-2015,Townsville,Ship,Commercial,Port Limits,"Ross River, Townsville",Diesel,Unknown
784,11-05-2015,Brisbane,Land,N-A,Port Limits,"Graincorp Liquid Terminal, Brisbane River",Diesel,1000
785,19-05-2015,Brisbane,Land,N-A,Coastal Waters,"Mooloolaba Yacht club, Mooloolaba",Bitumen Spray,Unknown
786,8-06-2015,Gladstone,Unknown,N-A,Port Limits,"Gladstone Marina, Gladstone",Diesel,Unknown
787,4-07-2015,Townsville,Ship,Commercial,Port Limits,"Townsville Harbour, Townsville",Diesel,10
788,15-07-2015,Cairns,Unknown,N-A,Port Limits,"Tropical Reef Shipyard,  Trinity Inlet,  Cairns",Sheen,Unknown
789,17-07-2015,Townsville,Ship,Unknown,Territorial Sea,20nm North of Cape Upstart,Heavy Fuel Oil,10000
790,21-07-2015,Townsville,Unknown,N-A,Port Limits,"Boat Ramp Number 2, Ross Creek, Townsville",Sheen,Unknown
791,24-07-2015,Cairns,Unknown,N-A,Port Limits,"RaptIs Wharf, Norman River, Karumba",Unknown,Unknown
792,29-07-2015,Cairns,Ship,Commercial,Port Limits,"RaptIs Wharf, Norman River, Karumba",Diesel,10
793,31-07-2015,Gladstone,Ship,Commercial,Port Limits,"Port Alma Public Boat Ramp, Port Alma",Sheen,Unknown
794,7-08-2015,Cairns,Unknown,N-A,Coastal Waters,"Googarra Beach, Tully Heads",Unknown,Unknown
795,14-08-2015,Mackay,Ship,Commercial,Port Limits,"Mackay Marina, Mackay",Bilge,2
796,17-08-2015,Brisbane,Ship,Recreational,Coastal Waters,"Southport Yacht club, Gold Coast Broadwater, Gold Coast",Diesel,Unknown
797,20-08-2015,Brisbane,Unknown,N-A,Coastal Waters,"Karragarra Ws near Karragarra Island, Southern Moreton Bay, Gold Coast",Sheen,Unknown
798,20-08-2015,Cairns,Unknown,N-A,Port Limits,2nm West South West of Green Island off Cairns,Diesel,Unknown
799,20-08-2015,Gladstone,Ship,Commercial,Port Limits,"Fishermans Landing Wharf, Gladstone Harbour, Gladstone",Hydraulic oil,1
800,24-08-2015,Cairns,Ship,Recreational,Coastal Waters,"Chapman Island Anchorage, Chapman Island, 4nm SE of Cape Direction ",Sheen,Unknown
801,25-08-2015,Brisbane,Land,N-A,Coastal Waters,"Coomera River, M1 bridge, Gold Coast",Diesel,1
802,25-08-2015,Mackay,Ship,Commercial,Coastal Waters,"Western Finger, Shute Harbour",Bilge,Unknown
803,22-09-2015,Townsville,Unknown,N-A,Port Limits,"Berth 10, Townsville Harbour, Townsville",Hydraulic oil,20
804,7-10-2015,Gladstone,Ship,Recreational,Port Limits,"G Finger, Gladstone Marina, Gladstone",Diesel,1
805,7-10-2015,Townsville,Land,N-A,Port Limits,"Storm Water Drain, Berth 1, Townsville Harbour, Townsville",Sheen,Unknown
806,11-10-2015,Townsville,Ship,Recreational,Port Limits,"D18, D Arm, Magnetic Island Marina, Magnetic Island",Diesel,Unknown
807,4-11-2015,Cairns,Ship,Defence,Port Limits,"Navy Base, Cairns Harbour, Cairns",Diesel,250000000
808,10-11-2015,Townsville,Ship,Commercial,Port Limits,"Magnetic Island Marina, Magnetic Island",Diesel,2
809,28-11-2015,Cairns,Unknown,N-A,Port Limits,"Lorim Point Wharf, Weipa",Diesel,50
810,30-11-2015,Cairns,Ship,Commercial,Port Limits,"Trinity Wharf, Cairns",Diesel,5
811,3-12-2015,Brisbane,Ship,Recreational,Coastal Waters,"Columbus Drive Canal, Hollywell, Gold Coast",Bilge,15
812,14-12-2015,Cairns,Unknown,N-A,Coastal Waters,"Johnstone River near Banana Island, Innisfail",Diesel,Unknown
813,17-12-2015,Townsville,Ship,Commercial,Port Limits,"CUF Berth, Ross Haven Marina, Ross River, Townsville",Diesel,600
814,22-12-2015,Cairns,Ship,Commercial,Coastal Waters,"Mouth of Bloomfield River, Cape York",Diesel,Unknown
815,31-12-2015,Brisbane,Ship,Recreational,Coastal Waters,"Sanctuary Cove Marina, Hope Island, Gold Coast",Diesel,200
816,3-01-2016,Mackay,Ship,Recreational,Coastal Waters,"Whitsunday Sailing Club, Rock Wall, Airlie Beach",Other,
817,5-01-2016,Townsville,Ship,Recreational,Port Limits,"Ross Creek, Townsville",Diesel,60
818,9-01-2016,Mackay,Ship,Recreational,Coastal Waters,"Shute Harbour Mooring Grid, Shute Harbour",Sheen,Unknown
819,22-01-2016,Brisbane,Unknown,N-A,Coastal Waters,"Queensland Cruising Yacht Club, Cabbage Tree Creek, Sandgate",Diesel,Unknown
820,2-02-2016,Brisbane,Land,N-A,Coastal Waters,"Nerang River at Pacific Motorway Road Bridge, Nerang",Diesel,100
821,2-02-2016,Mackay,Land,N-A,Port Limits,"Fuel Pontoon, Mackay Marina,  Mackay",ULP,70
822,16-02-2016,Brisbane,Unknown,N-A,Coastal Waters,"Mooloola River, Opposite Pilot Station, Mooloolaba",Diesel,Unknown
823,18-02-2016,Cairns,Ship,Commercial,Port Limits,"Main Wharf, Thursday Island, Torres Strait",Diesel,10
824,26-02-2016,Gladstone,Unknown,N-A,Port Limits,"Sea Link Berths, Gladstone Marina, Gladstone",Bilge,Unknown
825,28-02-2016,Townsville,Unknown,N-A,Port Limits,"D Finger Breakwater Marina, Townsville",Diesel,Unknown
826,4-04-2016,Gladstone,Land,N-A,Port Limits,"Service Wharf, Gladstone Marina, Gladstone",Diesel,11
827,5-04-2016,Brisbane,Ship,Trading ship,Port Limits,"Berth 4, Fisherman Islands, Brisbane River, Brisbane",Diesel,Unknown
828,5-04-2016,Townsville,Land,N-A,Port Limits,"Port of Townsville, Townsville",Other (Molasses),Unknown
829,7-04-2016,Brisbane,Ship,Recreational,Coastal Waters,"South West corner of Wave Break Island, Gold Coast",Diesel,15
830,7-04-2016,Cairns,Unknown,N-A,Port Limits,"Karumba Boat Ramp, Karumba",Diesel,20
831,8-04-2016,Gladstone,Unknown,N-A,Port Limits,"Gladstone Marina, Gladstone",Diesel,Unknown
832,20-04-2016,Brisbane,Ship,Recreational,Coastal Waters,"Main Channel, Horizon Shores Marina, Gold Coast",Other (Hydraulic oil),Unknown
833,30-04-2016,Brisbane,Ship,Recreational,Coastal Waters,"Mooloolaba Boat Harbour, Mooloolaba",Sheen,Unknown
834,3-05-2016,Townsville,Ship,Recreational,Port Limits,"Berth 7 Townsville Yacht Club, Townsville",Diesel,100
835,11-05-2016,Gladstone,Ship,Commercial,Coastal Waters,Approximately 10nm East of Round Hill Head,Other,Unknown
836,11-05-2016,Gladstone,Ship,Commercial,Port Limits,"Pelican Bay, Great Sandy Straits",Diesel,Unknown
837,28-05-2016,Gladstone,Ship,Commercial,Port Limits,"Australia Pacific LNG Terminal, Curtis Island, Gladstone",Other (Hydraulic oil),10
838,29-05-2016,Townsville,Ship,Fishing,Port Limits,"Outer Harbour, Bowen",Diesel,Unknown
839,30-05-2016,Mackay,Ship,Recreational,Coastal Waters,"F Arm, Port of Airlie, Airlie Beach",Sheen,Unknown
840,4-06-2016,Brisbane,Ship,Commercial,Coastal Waters,"Carters Basin, Gold Coast Broadwater",Diesel,Unknown
841,8-06-2016,Cairns,Land,N-A,Port Limits,"Main Wharf, Thursday Island, Torres Strait",Diesel,5
842,8-06-2016,Townsville,Ship,Unknown,Port Limits,"Townsville Harbour, Townsville",Other (Grease),Unknown
843,20-06-2016,Brisbane,Land,N-A,Port Limits,"Boggy Creek, Brisbane",Other (Slop Oil),Unknown
844,22-06-2016,Cairns,Ship,Commercial,Port Limits,"Lorim Point Tug Berth, Weipa",Sheen,Unknown
845,1-07-2016,Gladstone,Ship,Recreational,Port Limits,"Burnett Heads Marina, Bundaberg",Diesel,Unknown
846,2-07-2016,Brisbane,Ship,Recreational,Coastal Waters,"Breakfast Creek, Brisbane",Diesel,100
847,5-07-2016,Brisbane,Ship,Recreational,Coastal Waters,"Saltwater Creek, 5 Chanpagne Blvd, Helensvale, Gold Coast",Diesel,Unknown
848,7-07-2016,Cairns,Unknown,N-A,Port Limits,"Endeavour River, Cooktown",Diesel,20
849,12-07-2016,Cairns,Ship,Recreational,Port Limits,"Mourilyan Harbour, Mourilyan",Diesel,Unknown
850,13-07-2016,Gladstone,Unknown,N-A,Port Limits,"O'Connell Wharf, Auckland Creek, Gladstone",Sheen,Unknown
851,13-07-2016,Gladstone,Ship,Fishing,Port Limits,"Trawler base, Gladstone Marina, Gladstone",Other (sump oil),Unknown
852,15-07-2016,Brisbane,Ship,Fishing,Coastal Waters,"Caboolture River, Brisbane",Other ,Unknown
853,21-07-2016,Townsville,Unknown,N-A,Port Limits,"Berth 8, Townsville Port, Townsville",Sheen,Unknown
854,23-07-2016,Cairns,Ship,Commercial,Port Limits,"Fearnley Street boat ramp, Trinity Inlet, Cairns",Bilge,15
855,25-07-2016,Brisbane,Ship,Recreational,Port Limits,"Berth number 2, Fisherman Islands,  Brisbane",Other (Hydraulic Oil),10
856,1-08-2016,Cairns,Ship,Commercial,Port Limits,"Hey River terminal, Weipa",Other (Hydraulic Oil),Unknown
857,21-08-2016,Townsville,Ship,Recreational,Port Limits,"Berth J15, Townsville Yacht Club marina, Townsville",Diesel,30
858,22-08-2016,Gladstone,Unknown,N-A,Port Limits,"Urangan harbour, Hervey Bay",Sheen,Unknown
859,2-09-2016,Gladstone,Land,N-A,Port Limits,"Wiggins Island Coal Export Terminal Wharf, Gladstone",Other (Coal Slurry),10
860,9-09-2016,Cairns,Unknown,N-A,Port Limits,"Marlin Marina, Trinity Inlet, Cairns",Diesel,20
861,9-09-2016,Cairns,Ship,Commercial,Coastal Waters,"Flynn Reef, Cairns",Diesel,2
862,10-09-2016,Gladstone,Unknown,N-A,Port Limits,"Bundaberg Port Marina, Bundaberg",Diesel,Unknown
863,14-09-2016,Gladstone,Land,N-A,Port Limits,"Gladstone Marine Centre, Gladstone Marina, Gladstone",Other (sewage),20
864,20-09-2016,Cairns,Unknown,N-A,Port Limits,"Cairns crusing yacht squadron, Smiths Creek Cairns",Other (Paint),Unknown
865,22-09-2016,Cairns,Unknown,N-A,Port Limits,"Marlin Marina, Trinity Inlet, Cairns",Diesel,Unknown
866,4-10-2016,Cairns,Ship,Commercial,Port Limits,"Trinity Wharf, Chinaman Creek, Cairns",Sheen,Unknown
867,7-10-2016,Gladstone,Ship,Commercial,Port Limits,"Upstream of main bridge, Auckland Creek, Gladstone",Other (Sand blasting sand),Unknown
868,9-10-2016,Townsville,Unknown,N-A,Coastal Waters,"Norship base, Port Hinchinbrook",Diesel,Unknown
869,17-10-2016,Gladstone,Unknown,N-A,Coastal Waters,"Eurong, East side of Fraser Island",Oil,Unknown
870,18-10-2016,Gladstone,Ship,Commercial,Port Limits,"Clinton swing basin, Gladstone harbour, Gladstone",Other (Hydraulic Oil),5
871,20-10-2016,Townsville,Unknown,N-A,Port Limits,"Berth 8, Townsville Port, Townsville",Diesel,10
872,21-10-2016,Cairns,Ship,Commercial,Port Limits,"Humbug wharf, Weipa",Sheen,Unknown
873,22-10-2016,Cairns,Ship,Recreational,Port Limits,"South of Passenger wharf, Horn Island anchorage, Horn Island",Sheen,Unknown
874,27-10-2016,Gladstone,Ship,Commercial,Port Limits,"Curtis ferries pontoon, Gladstone marina, Gladstone",Diesel,Unknown
875,5-11-2016,Cairns,Ship,Navy,Port Limits,"Navy base, Cairns",Diesel,20
876,10-11-2016,Brisbane,Unknown,N-A,Port Limits,"Lawries Marina, Mooloolaba",Diesel,Unknown
877,16-11-2016,Brisbane,Ship,Commercial,Port Limits,"Brisabne Anchorage, Brisbane",Unknown,5
878,24-11-2016,Brisbane,Unknown,N-A,Coastal Waters,"Holman Street Ferry terminal, Kangaroo Point, Brisbane River",Unknown,Unknown
879,25-11-2016,Gladstone,Ship,Commercial,Port Limits,"Ship berth, Port Alma",Oil,Unknown
880,17-12-2016,Brisbane,Ship,Recreational,Coastal Waters,"Dog Beach, entrance to the Noosa River, Sunshine Coast",Bilge,Unknown
881,20-12-2016,Cairns,Ship,Trading Ship,Port Limits,"Smiths Creek, Cairns",Diesel,10
882,23-12-2016,Brisbane,Unknown,N-A,Port Limits,"Aquarium Passage, Pinkenba Reach, Brisbane River, Brisbane",Diesel,Unknown
883,25-12-2016,Cairns,Ship,Commercial,Coastal Waters,Ribbon Reef number 3,Diesel,600
884,27-12-2016,Townsville,Ship,Commercial,Port Limits,"Tug pens, Berth 6, Port of Townsville",Other (Hydraulic Oil),5
885,2-01-2017,Brisbane,Unknown,N-A,Coastal Waters,"Spinnaker Sound Marina, Sandstone Point",Other (sump oil),5
886,5-01-2017,Cairns,Ship,Commercial,Port Limits,"Duck Pond, Smiths Creek, Cairns",Other (Hydraulic Oil),1.5
887,9-01-2017,Brisbane,Unknown,N-A,Coastal Waters,"Thompsons Beach, Victoria Point",Diesel,Unknown
888,27-01-2017,Cairns,Ship,Fishing,Coastal Waters,"Fitzgerald Esplanade, Johnstone River, Innisfail.",Diesel,100
889,31-01-2017,Mackay,Ship,Commercial,Coastal Waters,"Finger number 12, Airlie Beach Marina, Airlie Beach",Other (Engine Oil),8
890,9-02-2017,Brisbane,Ship,Commercial,Port Limits,"Spitfire Channel, Moreton Bay, Brisbane",Other (Hydraulic Oil),Unknown
891,10-02-2017,Townsville,Ship,Commercial,Port Limits,"Vehicle Ferry Terminal, Ross creek, Townsville",Diesel,15
892,13-02-2017,Brisbane,Unknown,N-A,Port Limits,"Mooloolaba Yachat Club, Mooloolaba River, Mooloolaba",Diesel,Unknown
893,14-02-2017,Townsville,Ship,Commercial,Port Limits,"Port of Townsville, Townsville",Other (soot),Unknown
894,18-02-2017,Brisbane,Unknown,N-A,Port Limits,"Browns slip way, Mooloolaba River, Mooloolaba",Diesel,Unknown
895,18-02-2017,Townsville,Ship,Commercial,Port Limits,"Port of Townsville, Townsville",Other (Hydraulic Oil),1
896,21-02-2017,Mackay,Ship,Trading Ship,Port Limits,"Anchorage S13, Hay Point",Other (low sulphur Gas Oil),3
897,22-02-2017,Gladstone,Unknown,N-A,Port Limits,"Public boat ramp, Gladstone Marina, Gladstone",Bilge,Unknown
898,25-02-2017,Townsville,Unknown,N-A,Port Limits,"Fantasea loading ramp, Ross Creek, Townsville",Sheen,Unknown
899,10-03-2017,Mackay,Ship,Commercial,Port Limits,"Hey Point terminal, Hay Point",Diesel,40
900,14-03-2017,Brisbane,Land,N-A,Coastal Waters,"Kawana Waters Canal, Sunshine Coast",Sheen,Unknown
901,17-03-2017,Townsville,Unknown,N-A,Port Limits,"Rosshaven Marina, Ross River, Townsville",Sheen,Unknown
902,18-03-2017,Brisbane,Ship,Commercial,Port Limits,"Incitec South, Lytton Reach, Brisbane River, Brisbane",HFO,500
903,21-03-2017,Cairns,Ship,Recreational,Port Limits,"Main Wharf, Thursday Island",Diesel,2
904,24-03-2017,Townsville,Unknown,N-A,Port Limits,Townsville - Upstream Ross Creek in vicinity of Lowths Bridge,Sheen,Unknown
905,26-03-2017,Cairns,Ship,Commercial,Port Limits,Karumba - Raptis Wharf,Diesel,300
906,27-03-2017,Cairns,Ship,Commercial,Port Limits,"HumBug Terminal, Weipa",Other (garnet and paint),Unknown
907,19-04-2017,Gladstone,Land,N-A,Port Limits,Drain Near Tuan Creek ,Other (grease trap),
908,16-05-2017,Cairns,Ship,Commercial,Port Limits,Trinity Wharf,Other (lubricant oil),1
909,17-05-2017,Townsville,Ship,Commercial,Port Limits,Breth 5 Port of Townsville,Diesel,1
910,17-05-2017,Gladstone,Unknown,N-A,Port Limits,"Urangan harbour, Hervey Bay",Sheen,Unknown
911,26-05-2017,Mackay,Ship,Commercial,Port Limits,BMA Hay Point (old) Trestle Bent 97,Other (Hydraulic Oil),Unknown
912,21-06-2017,Cairns,Ship,Commercial,Port Limits,BSE slipway floating wharf,Diesel,0.5
913,26-06-2017,Gladstone,Ship,Fishing,Port Limits,"Urangan boat harbour, Hervey Bay",Diesel,Unknown
914,29-06-2017,Cairns,Ship,Commercial,Port Limits,Cairns Trinity Wharf # 7-8.,Other (grey water),40
915,5-07-2017,Townsville,Unknown,Unknown,Port Limits,"Northern entrance to West Channel, Townsville",Diesel Sheen,Unknown
916,7-07-2017,Brisbane,Ship,Recreational,Port Limits,"Qld Cruising Yacht Club, Cabbage Tree Creek, Shorncliffe",Oil,Unknown
917,3-09-2017,Brisbane,Ship,Defence,Port Limits,"Queensland Bulk Terminal, Quarries Reach, Brisbane",Lubrication oil,0.3
918,6-09-2017,Townsville,Land,Unknown,Port limits,Berth 4 - Port of Townsville ,Molasses,50
919,14-09-2017,Gladstone,Ship,Unknown,Port Limits,"Town Reach, Burnett River, Bundaberg",Diesel,Unknown
920,24-09-2017,Gladstone,Land,Commercial,Port Limits,"Queensland Alumina Limited, South Trees Wharf, Gladstone",Sodium Hydroxide 50%,Unknown
921,4-10-2017,Gladstone,Ship,Recreational,Port Limits,"Gladstone Marina, Finger J2, Gladstone",Sump Oil,4
922,11-10-2017,Brisbane,Unknown,Unknown,Port Limits,Luggage Point Treatment Plant - Brisbane,Hydrocarbons into sewage treatment plant,Unknown
923,11-10-2017,Brisbane,Ship,Unknown,Port Limits,"Eagle Street Ferry Terminal, Brisbane River",Diesel,Unknown
924,15-10-2017,Gladstone,Ship,Unknown,Port Limits,"Gladstone Marina, Gladstone",Diesel,20
925,20-10-2017,Brisbane,Ship,Recreational,Coastal Waters,"Paradise Point, west of Ephraim Island, Gold Coast ",Diesel,10
926,21-10-2017,Cairns,Ship,Commercial,Port Limits,"B Finger, Commercial Fisherman base No 1, Cairns",Diesel,2
927,25-10-2017,Cairns,Ship,Commercial,Port Limits,"Norship, Smiths Creek, Cairns",Hydraulic Oil,2
928,28-10-2017,Cairns,Ship,Commercial,Port Limits,"Amrun CHITH export Facility,  Weipa",Diesel,0.12
929,28-10-2017,Cairns,Ship,Commercial,Coastal Waters,"2.8nm from Gubbins Reef, Great Barrier Reef Marine Park",Diesel,2
930,28-10-2017,Townsville,Ship,Commercial,Port Limits,"Berth 8, Port of Townsville, Townsville  ",Garbage ,8.25
931,10-11-2017,Townsville,Ship,Commercial,Port Limits,"Berth 5, Ferry Landing, Port of Townsville, Townsville",Oil,0.25
932,14-11-2017,Brisbane,Unknown,Unknown,Coastal Waters,"Carters Bay, Gold Coast",Oil,10
933,16-11-2017,Brisbane,Ship,Commercial,Port Limits,"Brisbane Pilot Station, Mooloola River, Mooloolaba",Hydraulic Oil,10
934,18-11-2017,Gladstone,Ship,Commercial,Port Limits,"Gladstone Marina, Gladstone",Diesel,0.5
935,19-11-2017,Brisbane,Ship,Recreational,Coastal Waters,"Southern end of McIntosh Island, Gold Coast",Unleaded Petrol,10
936,20-11-2017,Cairns,Land,na,Port limits,"Amrun CHITH export Facility, Weipa. ",Diesel,0.1
937,27-11-2017,Mackay,Unknown,Unknown,Port Limits,"East Point Beach, Mackay",Grease,5
938,3-12-2017,Brisbane,Ship,Recreational,Port Limits,"Dunwich, Stradbroke Island, Moreton Bay",Hydraulic Oil,1
939,5-12-2017,Mackay,Ship,Recreational,Coastal Waters,"Homestead Bay, St Bees Island",Diesel,50
940,21-12-2017,Gladstone,Ship,Recreational,Coastal Waters,"Rosslyn Bay Marina, Rosslyn Bay",Diesel,200
941,27-12-2017,Townsville,Ship,Recreational,Coastal Waters,"Deep Creek, Saunders Beach, Townsville",Unknown,Unknown
942,18-01-2018,Brisbane,Ship,Recreational,Coastal Waters,"Southport Yacht Club Pontoon, Southport",Diesel,0.5
943,23-01-2018,Townsville,Unknown,Unknown,Port Limits,"Berth 4, Townsville Marina, Townsville",Sheen ,1
944,5-02-2018,Brisbane,Ship,Recreational,Coastal Waters,"Horizon Shores Marina, Gold Coast ",Diesel,1
945,8-02-2018,Cairns,Unknown,Unknown,Coastal Waters,"Cairns Duck pond, Smiths Creek , Cairns",Sheen,1
946,21-03-2018,Cairns,Ship,Commercial,Port Limits,"A Finger, Marlin Marina, Cairns",Diesel,100
947,24-03-2018,Gladstone,Land,Unknown,Port Limits,"Fitzroy River, Rockhampton ",Sheen,Unknown
948,28-03-2018,Brisbane,Ship,Recreational,Coastal Waters,"South of Currigee Camp Ground, South Stradbroke Island",Sheen,20
949,15-04-2018,Brisbane,Unknown,Unknown,Port Limits,"Doboy Ck, Bulimba, Brisbane",Petrol,Unknown
950,15-04-2018,Brisbane,Unknown,Unknown,Coastal Waters,"Mariners Cove Fuel Wharf, Gold Coast",Diesel,10
951,20-04-2018,Brisbane,Ship,Commercial,Port Limits,"Brisbane River, Teneriffe, Brisbane",Soot,0.5
952,23-04-2018,Townsville,Unknown,Unknown,Port Limits,"Townsville Yacht Club, Townsville",Diesel,0.5
953,2-05-2018,Gladstone,Unknown,Unknown,Coastal Waters,"Mary River Slipway, Maryborough ",Diesel,20
954,7-05-2018,Gladstone,Unknown,Unknown,Coastal Waters,"Snapper Creek, Tin Can Bay",Sheen,Unknown
955,8-05-2018,Cairns,Ship,Commercial,Port Limits,"New Trawler Pens, Smiths Creek, Cairns",Diesel,10
956,13-05-2018,Brisbane,Unknown,Unknown,Port Limits,"Brisbane River, Port of Brisbane",Coal dust,2
957,17-05-2018,Brisbane,Unknown,Unknown,Coastal Waters,"Mooloolah River, Mooloolaba",Sheen,1.5
958,25-05-2018,Brisbane,Unknown,Unknown,Coastal Waters,"Mooloolah River, Mooloolaba, Commercial Fishing Wharves",Sheen,1.5
959,28-05-2018,Townsville,Ship,Commercial,Port Limits,"Townsville Breakwater, Townsville",Hydraulic Oil,30
960,2-06-2018,Mackay,Unknown,Unknown,Coastal Waters,"Abell Point Marina, Airlie Beach",Sheen,2.5
961,3-06-2018,Brisbane,Unknown,Unknown,Port Limits,"Bulimba Reach, Brisbane",Sheen,4
962,13-06-2018,Gladstone,Unknown,Unknown,Port Limits,"Gladstone Marina, Gladstone",Sheen,12
963,28-06-2018,Townsville,Unknown,Unknown,Port Limits,"Ross Creek Boat Ramp, Townsville",Oil,2
